structId,sortId,name,description,area,category,skill,tier,tierName,completionPercent,skillRequirements,wikiNotes,classification
246281,0,Defeat a Troll in Asgarnia,Defeat a Troll in Asgarnia. This task earns one Demonic Pact.,Asgarnia,,,1,Easy,,,,
929714,1,Set a Mummy ablaze,Set a Mummy on Fire with fire damage. This task earns one Demonic Pact.,Kharidian Desert,,,1,Easy,,MAGIC 13,or Tirannwn✓ for access to oily cloth,
945651,2,Defeat a Cockatrice in the Fremennik Province,Defeat a Cockatrice in the Fremennik Province. This task earns one Demonic Pact.,Fremennik Province,,,1,Easy,,SLAYER 25,,
958278,3,Defeat a Hill Giant,Defeat a Hill Giant This task earns one Demonic Pact.,Global,,,1,Easy,,,,
268116,4,Complete the Leagues Tutorial,Complete the Leagues Tutorial and begin your adventure. This task earns one Demonic Pact.,Global,,,1,Easy,,,,
821838,5,Open the Leagues Menu,Open the Leagues Menu found within the Journal Panel. This task earns one Demonic Pact.,Global,,,1,Easy,,,,
402758,6,Open 1 Grubby Chest,Open the grubby chest in the Forthos Dungeon. This task earns one Demonic Pact.,Kourend & Kebos,,,1,Easy,,THIEVING 57,,
577059,7,Defeat a Werewolf in Morytania,Defeat a Werewolf in Morytania. This task earns one Demonic Pact.,Morytania,,,1,Easy,,,,
440211,8,Defeat a Chaos Dwarf in the Wilderness,Defeat a Chaos Dwarf in the Wilderness. This task earns one Demonic Pact.,Wilderness,,,1,Easy,,,,
308632,9,Defeat Awakened Whisperer,Defeat Awakened Whisperer. This task earns one Demonic Pact.,Asgarnia,,,4,Elite,,,,
308676,10,Equip a Godsword,Equip any Godsword. This task earns one Demonic Pact.,Asgarnia,,,4,Elite,,ATTACK 75; SMITHING 80; HITPOINTS 70; AGILITY 70; RANGED 70; STRENGTH 70,", , one of , , , or",
579008,11,Equip the Bellator Ring,Equip the Bellator Ring. This task earns one Demonic Pact.,Asgarnia,,,4,Elite,,,,
264690,12,Cast Ice Barrage,Cast the Ice Barrage spell. This task earns one Demonic Pact.,Kharidian Desert,,,4,Elite,,MAGIC 94,,
432903,13,Defeat Awakened Leviathan,Defeat Awakened Leviathan. This task earns one Demonic Pact.,Kharidian Desert,,,4,Elite,,,,
516381,14,Equip a Dragon Chainbody in the Kharidian Desert,Equip a Dragon Chainbody in the Kharidian Desert. This task earns one Demonic Pact.,Kharidian Desert,,,4,Elite,,DEFENCE 60,,
391651,15,Equip a Piece of Masori Armour,"Equip either a Masori Mask, a Masori Body or some Masori chaps. This task earns one Demonic Pact.",Kharidian Desert,,,4,Elite,,RANGED 80; DEFENCE 30,", Completion of Beneath Cursed Sands",
458422,16,Equip the Venator Ring,Equip the Venator Ring. This task earns one Demonic Pact.,Kharidian Desert,,,4,Elite,,,,
814952,17,Defeat Vorkath 5 Times Without Special Damage,Defeat Vorkath on Ungael 5 times in a row without taking any damage from his special attacks and without leaving his area. Failing this task requires you to leave the instance to try again. This task earns one Demonic Pact.,Fremennik Province,,,4,Elite,,,,
198551,18,Defeat Awakened Duke Sucellus,Defeat Awakened Duke Sucellus. This task earns one Demonic Pact.,Fremennik Province,,,4,Elite,,,,
138407,19,Equip the Magus Ring,Equip the Magus Ring. This task earns one Demonic Pact.,Fremennik Province,,,4,Elite,,,,
490122,20,Equip an Abyssal Tentacle,Equip an Abyssal Tentacle. This task earns one Demonic Pact.,Kandarin,,,4,Elite,,MAGIC 50; ATTACK 75; SLAYER 87,", ,",
861387,21,Equip an Occult Necklace,Equip an Occult Necklace. This task earns one Demonic Pact.,Kandarin,,,4,Elite,,MAGIC 70; SLAYER 93,",",
882481,22,Equip Some Zenyte Jewelry,Equip any piece of Zenyte Jewelry. This task earns one Demonic Pact.,Kandarin,,,4,Elite,,CRAFTING 89,,
771915,23,Equip a Fire Cape,Equip a Fire Cape. This task earns one Demonic Pact.,Karamja,,,4,Elite,,,Completion of TzHaar Fight Cave,
732999,24,Equip a piece of Radiant Oathplate,Equip a piece of Radiant oathplate armour. This task earns one Demonic Pact.,Kourend & Kebos,,,4,Elite,,DEFENCE 78,Aether runes are not required to create it.,
718577,25,Equip any Ancestral piece,"Equip either an Ancestral Hat, an Ancestral robe top or an Ancestral robe bottom. This task earns one Demonic Pact.",Kourend & Kebos,,,4,Elite,,MAGIC 75; DEFENCE 65,",",
660315,26,Equip a Dragon Hunter Lance,Equip a Dragon hunter lance. This task earns one Demonic Pact.,Kourend & Kebos,,,4,Elite,,SLAYER 95; ATTACK 78,",",
382169,27,Complete the Theatre of Blood 25 Times,Complete the Theatre of Blood on Normal or Hard Mode 25 times. This task earns one Demonic Pact.,Morytania,,,4,Elite,,,,
400120,28,Defeat Phosani's Nightmare,Defeat Phosani's Nightmare in the Sisterhood Sanctuary. This task earns one Demonic Pact.,Morytania,,,4,Elite,,,,
976955,29,Craft a Toxic Blowpipe,Craft a Toxic Blowpipe. This task earns one Demonic Pact.,Tirannwn,,,4,Elite,,FLETCHING 78,,
145908,30,Use a prayer altar to restore 90 prayer in Prifddinas,Use a prayer altar to restore 90 prayer points in Prifddinas. This task earns one Demonic Pact.,Tirannwn,,,4,Elite,,PRAYER 90,,
646696,31,Equip Avernic Treads,Equip Avernic treads. This task earns one Demonic Pact.,Varlamore,,,4,Elite,,DEFENCE 80; MAGIC 80; RANGED 80; STRENGTH 80,", ,,",
942030,32,Complete Wave 12 of Fortis Colosseum,Complete Wave 12 of Fortis Colosseum. This task earns one Demonic Pact.,Varlamore,,,4,Elite,,,,
630754,33,Defeat Awakened Vardorvis,Defeat Awakened Vardorvis. This task earns one Demonic Pact.,Varlamore,,,4,Elite,,,,
430751,34,Equip a Piece of the Dagon'Hai Set,Equip any piece of the Dagon'hai robe set. This task earns one Demonic Pact.,Wilderness,,,4,Elite,,MAGIC 70; DEFENCE 40,",",
658902,35,Imbue a God Cape,"Imbue either a Saradomin Cape, a Guthix Cape or a Zamorak Cape. This task earns one Demonic Pact.",Wilderness,,,4,Elite,,MAGIC 75,Completion of Mage Arena II,
292033,36,Equip the Voidwaker,Equip the Voidwaker. This task earns one Demonic Pact.,Wilderness,,,4,Elite,,ATTACK 75,,
153635,37,Defeat the Royal Titans solo,Defeat the Royal Titans without any other player joining. This task earns one Demonic Pact.,Asgarnia,,,3,Hard,,,,
652319,38,Equip a Dragon Defender,Equip a Dragon Defender. This task earns one Demonic Pact.,Asgarnia,,,3,Hard,,DEFENCE 60,Access to the Warriors' Guild,
264207,39,Defeat Phantom Muspah,Defeat Phantom Muspah. This task earns one Demonic Pact.,Fremennik Province,,,3,Hard,,,,
120514,40,Defeat a Basilisk Knight,Defeat a Basilisk Knight in the Jormungand's Prison. This task earns one Demonic Pact.,Fremennik Province,,,3,Hard,,SLAYER 60,Completion of The Fremennik Exiles,
951095,41,Defeat a Demonic Gorilla,Defeat a Demonic Gorilla in the Crash Site Cavern. This task earns one Demonic Pact.,Kandarin,,,3,Hard,,,,
476898,42,Defeat a Mithril Dragon,Defeat a Mithril Dragon in the Ancient Cavern. This task earns one Demonic Pact.,Kandarin,,,3,Hard,,,,
953864,43,Defeat the Kraken Boss 50 Times,Defeat the Kraken boss in Kraken Cove 50 times. This task earns one Demonic Pact.,Kandarin,,,3,Hard,,SLAYER 87,,
505221,44,Equip a Trident of the Seas,Equip a Trident of the Seas. This task earns one Demonic Pact.,Kandarin,,,3,Hard,,MAGIC 75; SLAYER 87,",",
846186,45,Complete Tzhaar-Ket-Rak's third challenge,Complete Tzhaar-Ket-Rak's third challenge. This task earns one Demonic Pact.,Karamja,,,3,Hard,,,,
510282,46,25 Chambers of Xeric,Complete the Chambers of Xeric Normal or Challenge Mode 25 times. This task earns one Demonic Pact.,Kourend & Kebos,,,3,Hard,,,,
435466,47,Defeat Skotizo 1 Time,Defeat Skotizo beneath the Catacombs of Kourend. This task earns one Demonic Pact.,Kourend & Kebos,,,3,Hard,,,,
648243,48,Assemble a Slayer Helm,Assemble a Slayer Helm. This task earns one Demonic Pact.,Morytania,,,3,Hard,,SLAYER 58; CRAFTING 55,", Unlocked Malevolent Masquerade for 400 Slayer reward points",
895398,49,Create an Amulet of Blood Fury,Create an Amulet of Blood Fury. This task earns one Demonic Pact.,Morytania,,,3,Hard,,CRAFTING 90; MAGIC 87,", Completion of Sins of the Father",
936593,50,Equip any Full Barrows Armour Set,Equip a full set of any Barrows armour + weapon. This task earns one Demonic Pact.,Morytania,,,3,Hard,,DEFENCE 70; ATTACK 70; RANGED 70,", one of or",
224510,51,Defeat Araxxor 1 Time,Defeat the Araxxor in Morytania Spider cave. This task earns one Demonic Pact.,Morytania,,,3,Hard,,SLAYER 92,,
712003,52,Complete the Corrupted Gauntlet,Complete the Corrupted Gauntlet in Prifddinas. This task earns one Demonic Pact.,Tirannwn,,,3,Hard,,,,
345662,53,Defeat Zalcano,Defeat Zalcano in Prifddinas. This task earns one Demonic Pact.,Tirannwn,,,3,Hard,,,,
104388,54,Equip a Dark Bow in Tirannwn,Equip a Dark Bow in Tirannwn. This task earns one Demonic Pact.,Tirannwn,,,3,Hard,,RANGED 60; SLAYER 90,",",
904028,55,Defeat the Corporeal Beast,Defeat the Corporeal Beast in the Wilderness. This task earns one Demonic Pact.,Wilderness,,,3,Hard,,,,
871398,56,Equip a Dragon 2-Handed Sword in the Wilderness,Equip a Dragon 2-Handed Sword in the Wilderness. This task earns one Demonic Pact.,Wilderness,,,3,Hard,,ATTACK 60,,
291864,57,Equip a Malediction Ward,Equip a Malediction Ward. This task earns one Demonic Pact.,Wilderness,,,3,Hard,,DEFENCE 60,,
417824,58,Defeat Nex Solo,Defeat Nex in a private instance without help from any other player. This task earns one Demonic Pact.,Asgarnia,,,5,Master,,,,
596672,59,Equip the Osmumten's Fang (or),Equip Osmumten's Fang (or). This task earns one Demonic Pact.,Kharidian Desert,,,5,Master,,ATTACK 82,Completion of Beneath Cursed Sands,
322685,60,Complete Tzhaar-Ket-Rak's Special challenge,Complete Tzhaar-Ket-Rak's league-only challenge. This task earns one Demonic Pact.,Karamja,,,5,Master,,,,
247835,61,Equip an Infernal Cape,Equip an Infernal Cape. This task earns one Demonic Pact.,Karamja,,,5,Master,,,Completion of The Inferno,
967233,62,Equip a Corrupted Weapon,Equip a Corrupted Blade of Saeldor or Bow of Faerdhinen This task earns one Demonic Pact.,Tirannwn,,,5,Master,,ATTACK 80; RANGED 80; AGILITY 70,or and,
798756,63,Defeat 8 penguins within 5 seconds,Defeat 8 penguins within 5 seconds. This task earns one Demonic Pact.,Fremennik Province,,,2,Medium,,,,
815021,64,Use the Protect from Melee Prayer,Use the Protect from Melee Prayer. This task earns one Demonic Pact.,Global,,,2,Medium,,PRAYER 43,,
491499,65,Defeat a Steel Dragon on Karamja,Defeat a Steel Dragon on Karamja. This task earns one Demonic Pact.,Karamja,,,2,Medium,,,,
882829,66,Defeat 150 Lizardmen Shaman,Help the Shayzien House by killing 150 Lizardmen shamans. This task earns one Demonic Pact.,Kourend & Kebos,,,2,Medium,,,,
187321,67,Defeat a Black Dragon in Tirannwn,Defeat a Black Dragon in Tirannwn. This task earns one Demonic Pact.,Tirannwn,,,2,Medium,,,,
604357,68,Achieve Your First Level 10,Reach level 10 in any skill (not including Agility and Hitpoints).,Global,,,1,Easy,,,,
403737,69,Achieve Your First Level 5,"Reach level 5 in any skill (not including Agility, Hitpoints and Runecraft).",Global,,,1,Easy,,,,
605609,70,Achieve Your First Level Up,Level up any of your skills for the first time.,Global,,,1,Easy,,,,
595182,71,Activate a prayer near an altar,Activate a prayer near an altar,Global,,,1,Easy,,,,
449061,72,Attack a dummy,Attack a dummy.,Global,,,1,Easy,,,,
861651,73,Burn Some Food,Burn any kind of food while trying to cook it.,Global,,,1,Easy,,,,
710025,74,Burn Some Normal Logs,Burn some Normal Logs.,Global,,,1,Easy,,,,
994203,75,Burn Some Oak Logs,Burn some Oak Logs.,Global,,,1,Easy,,FIREMAKING 15,,
364687,76,Bury 6 bones,Bury 6 bones of any kind,Global,,,1,Easy,,,,
954979,77,Cast Home Teleport,Cast the Home Teleport spell.,Global,,,1,Easy,,,,
823250,78,Catch a Baby Impling,Catch a Baby Impling.,Global,,,1,Easy,,HUNTER 17,,
478195,79,Catch a Herring,Catch a Raw Herring whilst Fishing.,Global,,,1,Easy,,FISHING 10,,
244855,80,Catch a Shrimp,Catch Raw Shrimp while Fishing.,Global,,,1,Easy,,,,
505290,81,Catch an Anchovy,Catch a Raw Anchovy whilst Fishing.,Global,,,1,Easy,,FISHING 15,,
198611,82,Chop Some Logs,Chop any kind of logs.,Global,,,1,Easy,,,Any axe,
856971,83,Chop Some Logs With a Steel Axe,Chop any kind of logs using a Steel Axe.,Global,,,1,Easy,,WOODCUTTING 6,,
842653,84,Clean 15 Grimy Tarromin,Clean 15 Grimy Tarromin.,Global,,,1,Easy,,HERBLORE 11,,
739943,85,Clean 25 Grimy Guam Leafs,Clean 25 Grimy Guam Leafs.,Global,,,1,Easy,,,,
722166,86,Clean a Grimy Guam,Clean a Grimy Guam.,Global,,,1,Easy,,,,
256479,87,Cook Shrimp,Cook Raw Shrimp.,Global,,,1,Easy,,,,
323813,88,Cook something with an apron,Cook something with an apron equipped,Global,,,1,Easy,,,,
863620,89,Craft Leather chaps,Craft Leather chaps,Global,,,1,Easy,,CRAFTING 18,,
525159,90,Create an Antipoison,Create an Antipoison.,Global,,,1,Easy,,HERBLORE 5,,
137263,91,Cut a Ruby,Cut a Ruby,Global,,,1,Easy,,CRAFTING 34,,
942943,92,Defeat a Chicken,Defeat a Chicken,Global,,,1,Easy,,,,
988865,93,Drink a Strength Potion,Drink a Strength Potion.,Global,,,1,Easy,,,,
265652,94,Dye a cape Purple,Dye a cape Purple,Global,,,1,Easy,,,,
248975,95,Eat a Rabbit,Eat a cooked rabbit.,Global,,,1,Easy,,,,
725580,96,Eat an Onion,"Eat an Onion, raw.",Global,,,1,Easy,,,,
575483,97,Enter your Player Owned House,Enter your Player Owned House.,Global,,,1,Easy,,,"1,000",
968318,98,Equip a Tyras helm,Equip a Tyras helm,Global,,,1,Easy,,DEFENCE 5,,
452222,99,Equip an Elemental Staff,Equip a basic elemental staff.,Global,,,1,Easy,,,,
254197,100,Equip an Iron dagger,Equip an Iron dagger.,Global,,,1,Easy,,,,
727738,101,Feed a dog some bones,Feed a dog some bones.,Global,,,1,Easy,,,,
549272,102,Fletch an Oak Shortbow,Fletch an Oak Shortbow.,Global,,,1,Easy,,FLETCHING 20; WOODCUTTING 15,if chopping own log,
566430,103,Fletch Some Arrow Shafts,Fletch some Arrow Shafts.,Global,,,1,Easy,,,,
408881,104,Get a haircut,Go and get a haircut.,Global,,,1,Easy,,,,
555448,105,Defeat a Frog,Defeat a Frog.,Global,,,1,Easy,,,,
261969,106,Defeat a Rat,Defeat a Rat.,Global,,,1,Easy,,,,
741047,107,Defeat a scorpion,Defeat a scorpion,Global,,,1,Easy,,,,
513725,108,Defeat an Imp with an earth spell,Defeat an Imp with an earth spell.,Global,,,1,Easy,,MAGIC 9,,
210649,109,Light a Torch,Light a Torch.,Global,,,1,Easy,,,,
134590,110,Make an Attack Potion,Make an Attack Potion.,Global,,,1,Easy,,,,
854639,111,Mine 5 Tin Ore,Mine 5 Tin Ore.,Global,,,1,Easy,,,,
150886,112,Mine some Clay,Mine some Clay,Global,,,1,Easy,,,,
197154,113,Mine some Ore With a Steel Pickaxe,Mine any ore using a Steel Pickaxe.,Global,,,1,Easy,,MINING 6,,
341625,114,Obtain a Bird Nest,Obtain a Bird Nest whilst cutting down trees.,Global,,,1,Easy,,,,
781909,115,Obtain a Casket from Fishing,Obtain a Casket from Fishing.,Global,,,1,Easy,,FISHING 16,,
414165,116,Perform a Special Attack,Perform any special attack.,Global,,,1,Easy,,,,
781192,117,Pick 6 flax,Pick 6 flax,Global,,,1,Easy,,,,
205880,118,"Pick 6 wheat, 6 cabbages and 6 potatoes","Pick 6 wheat, 6 cabbage and 6 potatoes",Global,,,1,Easy,,,,
715588,119,Pickpocket a Citizen,Pickpocket a Man or a Woman.,Global,,,1,Easy,,,,
338745,120,Plant Seeds in an Allotment Patch,Plant some seeds in an Allotment patch.,Global,,,1,Easy,,,Seed dibber,
820535,121,Protect Your Crops,Pay a farmer to protect any of your crops.,Global,,,1,Easy,,,Items requested by the farmer to protect the crop,
490026,122,Purchase a Player Owned House,Purchase a Player Owned House.,Global,,,1,Easy,,,"1,000",
378115,123,Rake a Flower Patch,Rake a Flower Patch,Global,,,1,Easy,,,,
577208,124,Reach Combat Level 25,Reach Combat Level 25.,Global,,,1,Easy,,,,
371632,125,Sell some silk to a silk trader,Sell some silk to a silk trader,Global,,,1,Easy,,,,
387737,126,Shoot 6 iron arrows,Shoot 6 iron arrows,Global,,,1,Easy,,,,
191883,127,Smelt a Bronze Bar,Use a Furnace to smelt a Bronze Bar.,Global,,,1,Easy,,,,
533985,128,Smelt an Iron Bar,Use a Furnace to smelt an Iron Bar.,Global,,,1,Easy,,SMITHING 15,,
539641,129,Snare 15 Tropical Wagtails,Snare 15 Tropical Wagtails,Global,,,1,Easy,,HUNTER 19,,
844617,130,Snare 5 Crimson Swifts,Snare 5 Crimson Swifts,Global,,,1,Easy,,,,
800059,131,Snare a Bird,Catch any bird with a Bird Snare.,Global,,,1,Easy,,,,
701804,132,Spin a Ball of Wool,Use a Spinning Wheel to spin a Ball of Wool.,Global,,,1,Easy,,,,
900715,133,Steal some bread,Steal some bread from a Bakery Stall,Global,,,1,Easy,,THIEVING 5,,
297339,134,Successfully Cut a Red Topaz,Successfully Cut a Red Topaz.,Global,,,1,Easy,,CRAFTING 16,Chisel,
660840,135,Talk to any Port master,Talk to any Port master,Global,,,1,Easy,,,,
320983,136,Turn any Logs Into a Plank,Use a Sawmill to turn Logs into a Plank.,Global,,,1,Easy,,,Logs and 100,
752648,137,Turn off your run,Turn off your run,Global,,,1,Easy,,,,
131338,138,1 Easy Clue Scroll,Open a Reward casket for completing an Easy clue scroll.,Global,,,2,Medium,,,,
287691,139,1 Elite Clue Scroll,Open a Reward casket for completing an Elite clue scroll.,Global,,,2,Medium,,,,
269943,140,1 Hard Clue Scroll,Open a Reward casket for completing a Hard clue scroll.,Global,,,2,Medium,,,,
250553,141,1 Medium Clue Scroll,Open a Reward casket for completing a Medium clue scroll.,Global,,,2,Medium,,,,
638392,142,15 Collection log slots,Obtain 15 unique Collection Log slots.,Global,,,2,Medium,,,,
450867,143,25 Easy Clue Scrolls,Open 25 Reward caskets for completing Easy clue scrolls.,Global,,,2,Medium,,,,
581300,144,25 Elite Clue Scrolls,Open 25 Reward caskets for completing Elite clue scrolls.,Global,,,2,Medium,,,,
149984,145,25 Hard Clue Scrolls,Open 25 Reward caskets for completing Hard clue scrolls.,Global,,,2,Medium,,,,
352226,146,25 Medium Clue Scrolls,Open 25 Reward caskets for completing Medium clue scrolls.,Global,,,2,Medium,,,,
997398,147,Defeat 25 Superior slayer creatures,Defeat 25 Superior slayer monsters.,Global,,,2,Medium,,SLAYER 5,Unlocked Bigger and Badder for 150 Slayer reward points or at least Tier 3 Relic unlocked,
850581,148,30 Collection log slots,Obtain 30 unique Collection Log slots.,Global,,,2,Medium,,,,
540839,149,5 Collection log slots,Obtain 5 unique Collection Log slots.,Global,,,2,Medium,,,,
830487,150,50 Collection log slots,Obtain 50 unique Collection Log slots.,Global,,,2,Medium,,,,
180888,151,75 Easy Clue Scrolls,Open 75 Reward caskets for completing Easy clue scrolls.,Global,,,2,Medium,,,,
287239,152,75 Medium Clue Scrolls,Open 75 Reward caskets for completing Medium clue scrolls.,Global,,,2,Medium,,,,
370491,153,Defeat 75 Superior slayer creatures,,Global,,,2,Medium,,SLAYER 5,Unlocked Bigger and Badder for 150 Slayer reward points or at least Tier 3 Relic unlocked,
532949,154,Achieve Your First Level 20,Reach level 20 in any skill.,Global,,,2,Medium,,,,
532982,155,Achieve Your First Level 30,Reach level 30 in any skill.,Global,,,2,Medium,,,,
533015,156,Achieve Your First Level 40,Reach level 40 in any skill.,Global,,,2,Medium,,,,
533048,157,Achieve Your First Level 50,Reach level 50 in any skill.,Global,,,2,Medium,,,,
533081,158,Achieve Your First Level 60,Reach level 60 in any skill.,Global,,,2,Medium,,,,
453442,159,Activate Smite,Activate Smite in your prayer book,Global,,,2,Medium,,PRAYER 52,,
857894,160,Build a Mahogany Portal,Build a Mahogany Portal in a Portal Chamber in your Player Owned House.,Global,,,2,Medium,,CONSTRUCTION 65,,
100785,161,Build a Room in Your Player Owned House,Build a room in your Player Owned House.,Global,,,2,Medium,,,"1,000",
577347,162,Build an Oak Larder,Build an Oak Larder in a Kitchen in your Player Owned House.,Global,,,2,Medium,,CONSTRUCTION 33,,
545898,163,Burn 100 Willow Logs,Burn 100 Willow Logs.,Global,,,2,Medium,,FIREMAKING 30,,
882961,164,Burn 25 Maple Logs,Burn 25 Maple Logs.,Global,,,2,Medium,,FIREMAKING 45,,
160652,165,Burn Some Coloured Logs,Burn some logs that have been coloured with a firelighter.,Global,,,2,Medium,,,,
609731,166,Bury Some Wyvern or Dragon Bones,Bury either some Wyvern Bones or some Dragon Bones.,Global,,,2,Medium,,,,
494749,167,Butter a potato,Make a potato with butter,Global,,,2,Medium,,COOKING 39,,
712627,168,Cast an Earth Blast Spell,Cast an Earth Blast Spell,Global,,,2,Medium,,MAGIC 53,,
458439,169,Cast Low Level Alchemy,Cast the Low Level Alchemy spell,Global,,,2,Medium,,MAGIC 21,,
158025,170,Catch 10 Cod,Catch 10 Cod,Global,,,2,Medium,,FISHING 23,,
659964,171,Catch 100 Swordfish,Catch 100 Swordfish,Global,,,2,Medium,,FISHING 50,,
391387,172,Catch 100 Tuna,Catch 100 Tuna,Global,,,2,Medium,,FISHING 35,,
374936,173,Catch 20 mackerel,Catch 20 Raw mackerel whilst Fishing,Global,,,2,Medium,,FISHING 16,,
521994,174,Catch 50 Implings in Puro-Puro,Catch 50 Implings in Puro-Puro.,Global,,,2,Medium,,HUNTER 17,,
202703,175,Catch 50 Tuna,Catch 50 Tuna,Global,,,2,Medium,,FISHING 35,,
821676,176,Catch 75 Lobsters,Catch 75 Lobsters,Global,,,2,Medium,,FISHING 40,,
757468,177,Catch 75 Trout,Catch 75 Raw Trout whilst Fishing,Global,,,2,Medium,,FISHING 20,,
475636,178,Catch a Butterfly,Catch any butterfly,Global,,,2,Medium,,HUNTER 15,,
757594,179,Catch a Swamp Lizard or Salamander,Catch either a Swamp Lizard or any kind of Salamander.,Global,,,2,Medium,,HUNTER 29; HUNTER 47; HUNTER 59; HUNTER 67; HUNTER 79,"Either ( Morytania✓), ( Desert✓), ( Kandarin✓, ( Wilderness✓), ( Varlamore✓)",
823573,180,Check a grown Fruit Tree,Check the health of any Fruit Tree you've grown.,Global,,,2,Medium,,FARMING 27,,
240459,181,Check a grown Tree,Check the health of any regular Tree you've grown,Global,,,2,Medium,,FARMING 15,,
220765,182,Chop 100 Willow Logs,Chop 100 Willow Logs from Willow Trees.,Global,,,2,Medium,,WOODCUTTING 30,,
464215,183,Chop Some Logs With a Rune Axe,Chop any kind of logs using a Rune Axe.,Global,,,2,Medium,,WOODCUTTING 41,,
559344,184,Chop some Rising Roots,Chop some Rising Roots spawned via Forestry.,Global,,,2,Medium,,,,
302745,185,Churn some butter,Use a churn to make some butter.,Global,,,2,Medium,,COOKING 38,,
298502,186,Clean 50 Grimy Cadantine,Clean 50 Grimy Cadantine.,Global,,,2,Medium,,HERBLORE 65,,
369802,187,Clean 50 Grimy Ranarr Weed,Clean 50 Grimy Ranarr Weed.,Global,,,2,Medium,,HERBLORE 25,,
471273,188,Clean a Grimy Avantoe,Clean a Grimy Avantoe.,Global,,,2,Medium,,HERBLORE 48,,
751164,189,Complete 1 Slayer Task,Complete 1 Slayer Task.,Global,,,2,Medium,,,,
618031,190,Complete the Evil Bob random event,Complete the Evil Bob random event.,Global,,,2,Medium,,,,
686442,191,Complete the Flowering Bush event,Complete the Flowering Bush event spawned via Forestry.,Global,,,2,Medium,,,,
641689,192,Complete the Maze random event,Complete the Maze random event.,Global,,,2,Medium,,,,
147197,193,Complete the Pheasant Forestry Event,Complete the Pheasant event spawned via Forestry.,Global,,,2,Medium,,,,
364183,194,Complete the Pillory random event,Complete the Pillory random event,Global,,,2,Medium,,,,
918222,195,Complete the Pinball random event,Complete the Pinball random event,Global,,,2,Medium,,,,
738830,196,Complete the Postie Pete random event,Complete the Postie Pete random event.,Global,,,2,Medium,,,,
307061,197,Complete the Prison Pete random event,Complete the Prison Pete random event.,Global,,,2,Medium,,,,
165274,198,Complete the Ritual Forestry Event,Complete the Ritual event spawned via Forestry.,Global,,,2,Medium,,,,
650847,199,Complete the Struggling Sapling event,Complete the Struggling Sapling event spawned via Forestry.,Global,,,2,Medium,,,,
267604,200,Complete the Surprise Exam random event,Complete the Surprise Exam random event.,Global,,,2,Medium,,,,
568391,201,Convert an item into at least 500 coins,Cast the High Level Alchemy spell to convert an item into 500 coins or more,Global,,,2,Medium,,MAGIC 55,,
742437,202,Cook 100 Swordfish,Cook 100 Swordfish,Global,,,2,Medium,,COOKING 45,,
905528,203,Cook 50 Tuna,Cook 50 Raw Tuna,Global,,,2,Medium,,COOKING 35,,
958232,204,Craft 20 Silver items,Craft 20 Silver items using Silver bars,Global,,,2,Medium,,,,
765822,205,Craft 200 Essence Into Runes,Use Runecrafting Altars to craft 200 essence into runes of any type.,Global,,,2,Medium,,,,
937124,206,Craft a Sapphire Amulet,Craft a Sapphire amulet.,Global,,,2,Medium,,CRAFTING 24,,
856888,207,Craft an Emerald Ring,Craft an Emerald Ring.,Global,,,2,Medium,,CRAFTING 27,,
991092,208,Craft Any Combination Rune,Use a Runecrafting Altar to craft any type of combination rune.,Global,,,2,Medium,,RUNECRAFT 6; RUNECRAFT 15; RUNECRAFT 33,"Either ( Asgarnia✓), ( Desert✓), , ( Varlamore✓",
742786,209,Chop 50 Maple Logs,Chop 50 Maple Logs.,Global,,,2,Medium,,WOODCUTTING 45,,
754365,210,Defeat a Superior slayer creature,Defeat a Superior slayer creature.,Global,,,2,Medium,,SLAYER 5,Unlocked Bigger and Badder for 150 Slayer reward points or at least Tier 3 Relic unlocked,
790299,211,Eat a piece of food that restores at least 6 hitpoints,Eat a piece of food that restores at least 6 hitpoints,Global,,,2,Medium,,,,
747792,212,Eat some Purple Sweets,Eat some Purple Sweets.,Global,,,2,Medium,,,,
216809,213,Equip a Full Adamant Set,"Equip an Adamant Platebody, a Adamant Full Helm and either some Adamant Platelegs or an Adamant Plateskirt.",Global,,,2,Medium,,DEFENCE 30,,
250256,214,Equip a Full Blue Dragonhide Set,"Equip a Blue Dragonhide Body, some Blue Dragonhide Chaps and some Blue Dragonhide Vambraces.",Global,,,2,Medium,,RANGED 50; DEFENCE 40,",",
990083,215,Equip a Full Bronze Set,"Equip a Bronze Platebody, a Bronze Full Helm and either some Bronze Platelegs or a Bronze Plateskirt",Global,,,2,Medium,,,,
358691,216,Equip a Full Red Dragonhide Set,"Equip a Red Dragonhide Body, some Red Dragonhide Chaps and some Red Dragonhide Vambraces.",Global,,,2,Medium,,RANGED 60; DEFENCE 40,",",
243575,217,Equip a Mithril Weapon,Equip any Mithril weapon.,Global,,,2,Medium,,ATTACK 20,,
881653,218,Equip a Piece of a Mystic Set,Equip any piece of any Mystic robe set.,Global,,,2,Medium,,MAGIC 40; DEFENCE 20,",",
556108,219,Equip a piece of Beekeeper's Outfit,Equip a piece of Beekeeper's Outfit.,Global,,,2,Medium,,,,
186846,220,Equip a piece of Camouflage outfit,Equip a piece of Camouflage outfit.,Global,,,2,Medium,,,,
255890,221,Equip a piece of Mime Outfit,Equip a piece of Mime Outfit.,Global,,,2,Medium,,,,
403824,222,Equip a piece of Zombie Outfit,Equip a piece of Zombie Outfit.,Global,,,2,Medium,,,,
271192,223,Equip a Rune Weapon,Equip any Rune weapon.,Global,,,2,Medium,,ATTACK 40,,
506190,224,Equip a Trimmed Amulet,Equip a Trimmed Amulet.,Global,,,2,Medium,,,,
200299,225,Equip a Willow Shield,Equip a Willow Shield.,Global,,,2,Medium,,DEFENCE 30; FLETCHING 42; WOODCUTTING 30,", 2 Willow logs ( if chopping yourself)",
909857,226,Equip a Yew Shortbow,Equip a Yew Shortbow.,Global,,,2,Medium,,RANGED 40,,
896226,227,Equip an Adamant Weapon,Equip any Adamant weapon.,Global,,,2,Medium,,ATTACK 30,,
134103,228,Equip an Elemental Battlestaff or Mystic Staff,Equip either an elemental battlestaff or an elemental mystic staff.,Global,,,2,Medium,,MAGIC 30; ATTACK 30,",",
586810,229,Equip some Black armour,"Equip either a Black Platebody, some Black Platelegs or a Black Full Helm.",Global,,,2,Medium,,DEFENCE 10,,
188954,230,Equip some Steel armour,"Equip either a Steel Platebody, some Steel Platelegs or a Steel Full Helm.",Global,,,2,Medium,,DEFENCE 5,,
920492,231,Equip the Forestry Basket,Equip the Forestry Basket.,Global,,,2,Medium,,WOODCUTTING 75; SMITHING 75,",",
885159,232,Fill 15 Hard Clue Collection Log Slots,Fill 15 slots in the Hard Clue section of the Collection Log.,Global,,,2,Medium,,,,
764406,233,Fill 20 Easy Clue Collection Log Slots,Fill 20 slots in the Easy Clue section of the Collection Log.,Global,,,2,Medium,,,,
890629,234,Fill 20 Medium Clue Collection Log Slots,Fill 20 slots in the Medium Clue section of the Collection Log.,Global,,,2,Medium,,,,
611592,235,Fill 3 Elite Clue Collection Log Slots,Fill 3 slots in the Elite Clue section of the Collection Log.,Global,,,2,Medium,,,,
457364,236,Fill 3 Hard Clue Collection Log Slots,Fill 3 slots in the Hard Clue section of the Collection Log.,Global,,,2,Medium,,,,
539977,237,Fill 5 Easy Clue Collection Log Slots,Fill 5 slots in the Easy Clue section of the Collection Log.,Global,,,2,Medium,,,,
346168,238,Fill 5 Medium Clue Collection Log Slots,Fill 5 slots in the Medium Clue section of the Collection Log.,Global,,,2,Medium,,,,
958693,239,Fill a Bucket With Supercompost,Fill a Bucket with Supercompost from a Compost Bin.,Global,,,2,Medium,,,,
229857,240,Fill a Large Pouch,Fill a Large Pouch with Essence.,Global,,,2,Medium,,RUNECRAFT 50,,
564827,241,Fill a Medium STASH Unit,Build a Medium STASH unit and fill it with the relevant items.,Global,,,2,Medium,,CONSTRUCTION 42,,
651098,242,Fletch 1000 arrow shafts,Fletch 1000 arrow shafts.,Global,,,2,Medium,,,,
670865,243,Fletch 150 Iron Arrows,Fletch 150 Iron Arrows.,Global,,,2,Medium,,FLETCHING 15,,
747001,244,Fletch 25 Maple longbow (u),Fletch 25 Maple longbow (u).,Global,,,2,Medium,,FLETCHING 55,,
954142,245,Fletch 25 Oak Stocks,Fletch 25 Oak Stocks.,Global,,,2,Medium,,FLETCHING 24,,
552902,246,Fletch 50 Willow longbow (u),Fletch 50 Willow longbow (u).,Global,,,2,Medium,,FLETCHING 40,,
250498,247,Fletch a Willow Shortbow (u),Fletch a Willow Shortbow (u).,Global,,,2,Medium,,FLETCHING 35,,
933124,248,Fletch some Broad Arrows or Bolts,Fletch either some Broad Arrows or some Broad Bolts.,Global,,,2,Medium,,FLETCHING 52,Unlocked Broader Fletching using 300 Slayer reward points,
609674,249,Gain 10 Unique Items From Easy Clues,Gain 10 unique items from Easy Clue Scroll Reward Caskets.,Global,,,2,Medium,,,,
639545,250,Gain 10 Unique Items From Medium Clues,Gain 10 unique items from Medium Clue Scroll Reward Caskets.,Global,,,2,Medium,,,,
503224,251,Gain 20 Unique Items From Hard Clues,Gain 20 unique items from Hard Clue Scroll Reward Caskets.,Global,,,2,Medium,,,,
496369,252,Gain 35 Unique Items From Easy Clues,Gain 35 unique items from Easy Clue Scroll Reward Caskets.,Global,,,2,Medium,,,,
924587,253,Gain 5 Unique Items From Hard Clues,Gain 5 unique items from Hard Clue Scroll Reward Caskets.,Global,,,2,Medium,,,,
346866,254,Gain a Unique Item From a Hard Clue,Gain a unique item from a Hard Clue Scroll Reward Casket.,Global,,,2,Medium,,,,
234399,255,Gain a Unique Item From a Master Clue,Gain a unique item from a Master Clue Scroll Reward Casket.,Global,,,2,Medium,,,,
260820,256,Gain a Unique Item From a Medium Clue,Gain a unique item from a Medium Clue Scroll Reward Casket.,Global,,,2,Medium,,,,
454067,257,Gain a Unique Item From an Easy Clue,Gain a unique item from an Easy Clue Scroll Reward Casket.,Global,,,2,Medium,,,,
345138,258,Get a Gem from a Gorak,Obtain a gem drop from a Gorak.,Global,,,2,Medium,,,,
716587,259,Give an Entling a haircut,Give an entling a haircut via Forestry.,Global,,,2,Medium,,,,
370296,260,Harvest a Ranarr Weed,Harvest an Ranarr Weed from any Herb patch.,Global,,,2,Medium,,FARMING 32,,
662963,261,Have a Leprechaun send something to the bank,Have the Forestry leprechaun send something to your bank.,Global,,,2,Medium,,,,
296257,262,Defeat 5 Bunnies,Defeat 5 Bunnies.,Global,,,2,Medium,,,,
813774,263,Defeat 5 creatures with a mace,Defeat 5 creatures with a mace as the final hit.,Global,,,2,Medium,,,,
284855,264,Defeat a Scorpion with a Mithril Spear,Defeat a Scorpion with a mithril spear as the final hit.,Global,,,2,Medium,,ATTACK 20,,
257231,265,Defeat 3 chickens in 6 seconds,Defeat 3 chickens in 6 seconds.,Global,,,2,Medium,,,,
613409,266,Land a hoop on a stick,Successfully land a hoop on a stick in the PoH minigame.,Global,,,2,Medium,,CONSTRUCTION 30,,
154824,267,Make 20 Stamina Potions,Make 20 Stamina Potions.,Global,,,2,Medium,,HERBLORE 77,,
450799,268,Make 30 Prayer Potions,Make 30 Prayer Potions.,Global,,,2,Medium,,HERBLORE 38,,
475878,269,Make a 4 dose potion,Make any 4 dose potion using an Amulet of Chemistry.,Global,,,2,Medium,,MAGIC 27; CRAFTING 34,",",
203683,270,Make a Meat Pizza,Make a Meat Pizza,Global,,,2,Medium,,COOKING 45,,
627465,271,Make some Flour,Make some Flour in a windmill.,Global,,,2,Medium,,,,
382670,272,Mine 10 Silver,Mine 10 Silver ore,Global,,,2,Medium,,MINING 20,,
107451,273,Mine 50 Iron Ore,Mine 50 Iron Ore.,Global,,,2,Medium,,MINING 15,,
218780,274,Mine 50 Mithril Ore,Mine 50 Mithril Ore.,Global,,,2,Medium,,MINING 55,,
564462,275,Mine some Ore With a Rune Pickaxe,Mine any ore using a Rune Pickaxe.,Global,,,2,Medium,,MINING 41,,
833614,276,Obtain 800 Coins From Coin Pouches At Once,Open a stack of Coin Pouches and obtain at least 800 Coins.,Global,,,2,Medium,,THIEVING 40,(can be completed at lower levels depending on luck when pickpocketing NPCs with variable coin amounts),
125397,277,Obtain a Clue Geode While Mining,Obtain any kind of clue geode whilst Mining a rock.,Global,,,2,Medium,,,,
697313,278,Obtain a Gem While Mining,Obtain any kind of gem whilst Mining a rock.,Global,,,2,Medium,,,,
907450,279,Obtain a Kebab from a random event,Obtain a Kebab from any random event,Global,,,2,Medium,,,,
968145,280,Obtain an old boot from a fishing spot,Obtain an old boot from a fishing spot,Global,,,2,Medium,,,,
185957,281,Open 28 Coin Pouches At Once,Open 28 Coin Pouches at once.,Global,,,2,Medium,,,,
843784,282,Open the Mystery Box,"A boat is a boat, but the mystery box could be anything, even a boat!",Global,,,2,Medium,,,,
295558,283,Pickpocket a Master Farmer,Successfully pickpocket from a Master farmer.,Global,,,2,Medium,,THIEVING 38,,
965032,284,Reach a Prayer Bonus of 15,Equip enough item to reach a Prayer bonus of 15 or more.,Global,,,2,Medium,,,,
208998,285,Reach Base Level 10,Reach level 10 in every skill.,Global,,,2,Medium,,,,
209031,286,Reach Base Level 20,Reach level 20 in every skill.,Global,,,2,Medium,,,,
209064,287,Reach Base Level 30,Reach level 30 in every skill.,Global,,,2,Medium,,,,
157146,288,Reach Base Level 5,Reach level 5 in every skill.,Global,,,2,Medium,,,,
957893,289,Reach Combat Level 50,Reach Combat Level 50. This task earns one Demonic Pact.,Global,,,2,Medium,,,,
957964,290,Reach Combat Level 75,Reach Combat Level 75.,Global,,,2,Medium,,,,
879327,291,Reach Total Level 100,Reach a Total Level of 100.,Global,,,2,Medium,,,,
880581,292,Reach Total Level 250,Reach a Total Level of 250.,Global,,,2,Medium,,,,
884976,293,Reach Total Level 666,Reach Total Level 666.,Global,,,2,Medium,,,,
886026,294,Reach Total Level 750,Reach a Total Level of 750.,Global,,,2,Medium,,,,
110730,295,Redecorate your player Owned house,Redecorate your player Owned house.,Global,,,2,Medium,,CONSTRUCTION 10,,
951863,296,Sacrifice something to Deaths coffer,Sacrifice something to Deaths coffer.,Global,,,2,Medium,,,,
833374,297,Scrape some Blue Dragonhide,Scrape some blue dragonhide.,Global,,,2,Medium,,,,
329581,298,Slay 250 Creatures,Slay 250 creatures whilst on a Slayer Task.,Global,,,2,Medium,,,,
249639,299,Smelt a Steel Bar,Use a Furnace to smelt a Steel Bar.,Global,,,2,Medium,,SMITHING 30,,
910320,300,Smith 10 Steel bolts (unf),Use an Anvil to smith 10 Steel bolts (unf).,Global,,,2,Medium,,SMITHING 33,,
271949,301,Smith 150 Iron Arrowtips,Use an Anvil to smith 150 Iron Arrowtips.,Global,,,2,Medium,,SMITHING 20,,
939234,302,Smith 250 Mithril bolts (unf),Use an Anvil to smith 250 Mithril bolts (unf),Global,,,2,Medium,,SMITHING 53,,
811547,303,Smith a Steel 2h sword,Use an Anvil to smith a Steel 2h sword.,Global,,,2,Medium,,SMITHING 44,,
186510,304,Snare a Bird 20 times,Snare a Bird 20 times.,Global,,,2,Medium,,,,
801195,305,Successfully Cook 5 Pieces of Food,Cook 5 pieces of food in a row without burning them.,Global,,,2,Medium,,,,
534795,306,Successfully pickpocket a Citizen 10 times in a row,Successfully pickpocket a Citizen 10 times in a row without failing.,Global,,,2,Medium,,,,
500789,307,Teleport Using Law Runes,Cast any teleport spell that uses Law Runes.,Global,,,2,Medium,,MAGIC 40; MAGIC 6,"to cast Teleport to House with a player-owned house, or with Kourend✓, or Grimoire",
746696,308,Trade a herb with Jekyll,Trade a herb with Jekyll for a potion.,Global,,,2,Medium,,,,
191292,309,Upset the Sandwich lady,Make the Sandwich lady quite cross with you.,Global,,,2,Medium,,,,
504373,310,Catch 200 Implings in Puro-Puro,Catch 200 Implings in Puro-Puro.,Global,,,3,Hard,,HUNTER 17,,
470612,311,Complete all tasks for 1 boss,Complete all of the Combat Achievements available at 1 boss within the areas you have unlocked.,Global,,,3,Hard,,,,
885614,312,Complete all tasks for 3 bosses,Complete all of the Combat Achievements available at 3 different bosses within the areas you have unlocked.,Global,,,3,Hard,,,,
426267,313,Cook 100 pies,Cook 100 pies.,Global,,,3,Hard,,COOKING 10,,
995224,314,Cook 25 Meat Pies,Cook 25 Meat pies.,Global,,,3,Hard,,COOKING 20,,
969915,315,Create a Red D'hide Shield,Create a Red d'hide shield.,Global,,,3,Hard,,CRAFTING 76,,
874615,316,Obtain a High level tree seed from a birds nest,"Obtain either a Magic, Dragonfruit, Redwood or Spirit seed from a birds nest.",Global,,,3,Hard,,,,
721664,317,Blow 100 Light Orbs,Blow 100 Empty light orbs.,Global,,,3,Hard,,CRAFTING 87,,
298395,318,Build a Gilded Altar,Build a Gilded Altar in a Chapel in your Player Owned House.,Global,,,3,Hard,,CONSTRUCTION 75,Fremennik✓ or Varlamore✓,
537847,319,Fill a Hard STASH Unit,Build a Hard Stash unit and fill it with the relevant items.,Global,,,3,Hard,,CONSTRUCTION 55,,
755615,320,Burn 100 Yew Logs,Burn 100 Yew Logs.,Global,,,3,Hard,,FIREMAKING 60,,
167502,321,Burn Some Magic Logs,Burn some Magic Logs.,Global,,,3,Hard,,FIREMAKING 75,,
168780,322,Cast a Wave Spell,Cast any wave spell.,Global,,,3,Hard,,MAGIC 62,,
979962,323,Catch 100 Shark,Catch 100 Raw Shark whilst Fishing.,Global,,,3,Hard,,FISHING 76,,
129852,324,Catch a Dragon Impling,Catch a Dragon Impling.,Global,,,3,Hard,,HUNTER 83,,
144370,325,Chop 100 Yew Logs,Chop 100 Yew Logs.,Global,,,3,Hard,,WOODCUTTING 60,,
327033,326,Chop 75 Magic Logs,Chop 75 Magic Logs from Magic Trees.,Global,,,3,Hard,,WOODCUTTING 75; FARMING 75,"or one of Desert✓, Kandarin✓, Kourend✓, Tirannwn✓, Tirannwn✓, Varlamore✓ or Wilderness✓",
164183,327,Clean 100 Grimy Avantoe,Clean 100 Grimy Avantoe.,Global,,,3,Hard,,HERBLORE 48,,
762556,328,Clean 50 Grimy Lantadyme,Clean 50 Grimy Lantadyme.,Global,,,3,Hard,,HERBLORE 67,,
476978,329,Complete 5 Speed Tasks,Complete 5 Combat Achievement Speed tasks.,Global,,,3,Hard,,,,
677787,330,Complete 1 Speed Task,Complete a Combat Achievement Speed task.,Global,,,3,Hard,,,,
841622,331,Cook 100 Sharks,Cook 100 Raw Sharks.,Global,,,3,Hard,,COOKING 80,,
707741,332,Craft 100 Unpowered Orbs,Craft 100 Unpowered Orbs.,Global,,,3,Hard,,CRAFTING 46,,
438931,333,Craft 30 Blue Dragonhide Bodies,Craft 30 Blue Dragonhide Bodies.,Global,,,3,Hard,,CRAFTING 71,,
508746,334,Craft a Dragonstone Amulet,Craft a Dragonstone Amulet.,Global,,,3,Hard,,CRAFTING 80,,
769062,335,Create a Mithril Grapple,Create a Mithril Grapple.,Global,,,3,Hard,,FLETCHING 59; SMITHING 59,",",
295764,336,Defeat 1 unique Echo Boss,Defeat 1 unique Echo Boss. This task earns one Demonic Pact.,Global,,,3,Hard,,,,
316574,337,Defeat 100 Superior slayer creatures,Defeat 100 Superior slayer creatures.,Global,,,3,Hard,,SLAYER 5,Unlocked Bigger and Badder for 150 Slayer reward points or at least Tier 3 Relic unlocked,
904621,338,Defeat 2 unique Echo Bosses,Defeat 2 unique Echo Bosses. This task earns one Demonic Pact.,Global,,,3,Hard,,,,
170635,339,Defeat 25 Echo Bosses,Defeat 25 Echo Bosses.,Global,,,3,Hard,,,,
457166,340,Defeat 3 unique Echo Bosses,Defeat 3 unique Echo Bosses. This task earns one Demonic Pact.,Global,,,3,Hard,,,,
398937,341,Defeat the Abyssal Sire,Defeat the Abyssal Sire in the Abyssal Nexus.,Global,,,3,Hard,,SLAYER 85,,
233915,342,Equip 2 unique Echo Items,Equip 2 unique Echo Items.,Global,,,3,Hard,,,,
769660,343,Equip 3 unique Echo Items,Equip 3 unique Echo Items.,Global,,,3,Hard,,,,
107555,344,Equip a Full Black Dragonhide Set,"Equip a Black Dragonhide Body, some Black Dragonhide Chaps and some Black Dragonhide Vambraces.",Global,,,3,Hard,,RANGED 70; DEFENCE 40,",",
319776,345,Equip a Full God Dragonhide Set,"Equip a Blessed Coif, Body and Chaps with all pieces aligned to the same god.",Global,,,3,Hard,,RANGED 70; DEFENCE 40,",",
558107,346,Equip a two-handed Axe,Equip a Felling axe.,Global,,,3,Hard,,,,
672075,347,Equip a Magic Shortbow,Equip a Magic Shortbow.,Global,,,3,Hard,,RANGED 50,,
509567,348,Equip a Mist Battlestaff,Equip a Mist battlestaff.,Global,,,3,Hard,,SLAYER 5; ATTACK 30; MAGIC 30,", , Unlocked Bigger and Badder for 150 Slayer reward points or at least Tier 3 Relic unlocked",
215038,349,Equip a Rune Crossbow,Equip a Rune Crossbow.,Global,,,3,Hard,,RANGED 61,,
278411,350,Equip a Full Rune Set,"Equip a Rune Platebody, a Rune Full Helm and either some Rune Platelegs or a Rune Plateskirt.",Global,,,3,Hard,,DEFENCE 40,,
131301,351,Equip a Full God Rune Set,Equip a full set of God Rune Armour with all pieces aligned to the same god.,Global,,,3,Hard,,DEFENCE 40,,
716263,352,Equip a Full Vestment Set,Equip a full set of Vestment robes with all pieces aligned to the same god.,Global,,,3,Hard,,PRAYER 60; MAGIC 40,",",
153611,353,Equip some Ranger Boots,Equip a pair of Ranger Boots.,Global,,,3,Hard,,RANGED 40,,
901335,354,Equip a Dragon Weapon,Equip any Dragon weapon.,Global,,,3,Hard,,ATTACK 60,,
169115,355,Equip an Ornament Kit Item,Equip any item that has an Ornament Kit attached to it.,Global,,,3,Hard,,,,
588899,356,Equip a Combination Battlestaff or Mystic Staff,Equip either a Combination Battlestaff or a Combination Mystic Staff.,Global,,,3,Hard,,MAGIC 30; ATTACK 30,",",
705358,357,Equip a Gilded or Trimmed Wizard Item,Equip either a Gilded armour item or trimmed wizard item.,Global,,,3,Hard,,,,
428099,358,Reach a Prayer Bonus of 30,Equip enough items to reach a Prayer Bonus of 30 or more.,Global,,,3,Hard,,,,
378712,359,Equip one unique Echo Item,Equip one unique echo item.,Global,,,3,Hard,,,,
696596,360,Fill 10 Elite Clue Collection Log Slots,Fill 10 slots in the Elite Clue section of the Collection Log.,Global,,,3,Hard,,,,
920506,361,Fill 25 Elite Clue Collection Log Slots,Fill 25 slots in the Elite Clue section of the Collection Log.,Global,,,3,Hard,,,,
320994,362,Fill 30 Hard Clue Collection Log Slots,Fill 30 slots in the Hard Clue section of the Collection Log.,Global,,,3,Hard,,,,
971973,363,Fill 40 Medium Clue Collection Log Slots,Fill 40 slots in the Medium Clue section of the Collection Log.,Global,,,3,Hard,,,,
640865,364,Fill 5 Master Clue Collection Log Slots,Fill 5 slots in the Master Clue section of the Collection Log.,Global,,,3,Hard,,,,
917527,365,Fill 50 Easy Clue Collection Log Slots,Fill 50 slots in the Easy Clue section of the Collection Log.,Global,,,3,Hard,,,,
737415,366,Fill a Giant Pouch,Fill a Giant Pouch with Essence.,Global,,,3,Hard,,RUNECRAFT 75,,
766964,367,Fletch 200 Magic Longbow (u),Fletch 200 Magic Longbow (u).,Global,,,3,Hard,,FLETCHING 85,,
274811,368,Fletch 50 Yew longbow (u),Fletch 50 Yew longbow (u).,Global,,,3,Hard,,FLETCHING 70,,
583166,369,Fletch a Magic Shield,Fletch a Magic Shield.,Global,,,3,Hard,,FLETCHING 87,,
742224,370,Fletch a Rune Crossbow,Fletch a Rune Crossbow.,Global,,,3,Hard,,FLETCHING 69,,
679753,371,Gain 10 Unique Items From Elite Clues,Gain 10 unique items from Elite Clue Scroll Reward Caskets.,Global,,,3,Hard,,,,
249602,372,Gain 10 Unique Items From Master Clues,Gain 10 unique items from Master Clue Scroll Reward Caskets.,Global,,,3,Hard,,,,
142557,373,Gain 25 Unique Items From Medium Clues,Gain 25 unique items from Medium Clue Scroll Reward Caskets.,Global,,,3,Hard,,,,
920057,374,Gain 50 Unique Items From Hard Clues,Gain 50 unique items from Hard Clue Scroll Reward Caskets.,Global,,,3,Hard,,,,
711890,375,Gain a Unique Item From an Elite Clue,Gain a unique item from an Elite Clue Scroll Reward Casket.,Global,,,3,Hard,,,,
492511,376,Make 20 Ranging Potions,Make 20 Ranging Potions.,Global,,,3,Hard,,HERBLORE 72,,
147098,377,Make a Saradomin Brew,Make a Saradomin Brew.,Global,,,3,Hard,,HERBLORE 81,,
444217,378,Mine 50 Adamantite Ore,Mine 50 Adamantite Ore.,Global,,,3,Hard,,MINING 70,,
102780,379,Mine a shooting star,Mine a shooting star.,Global,,,3,Hard,,MINING 10,,
416545,380,100 Collection log slots,Obtain 100 unique Collection Log slots.,Global,,,3,Hard,,,,
356066,381,200 Collection log slots,Obtain 200 unique Collection Log slots.,Global,,,3,Hard,,,,
601111,382,Offer an Unsired to the Font of Consumption,Offer an Unsired to the Font of Consumption in the Abyssal Nexus.,Global,,,3,Hard,,SLAYER 85,,
395275,383,25 Master Clue Scrolls,Open 25 Reward caskets for completing Master clue scrolls.,Global,,,3,Hard,,,,
636087,384,75 Elite Clue Scrolls,Open 75 Reward caskets for completing Elite clue scrolls.,Global,,,3,Hard,,,,
358467,385,75 Hard Clue Scrolls,Open 75 Reward caskets for completing Hard clue scrolls.,Global,,,3,Hard,,,,
508002,386,1 Master Clue Scroll,Open a Reward casket for completing a Master clue scroll.,Global,,,3,Hard,,,,
419725,387,Reach Total Level 1000,Reach a Total Level of 1000.,Global,,,3,Hard,,,,
422068,388,Reach Total Level 1250,Reach a Total Level of 1250.,Global,,,3,Hard,,,,
425170,389,Reach Total Level 1500,Reach a Total Level of 1500.,Global,,,3,Hard,,,,
427513,390,Reach Total Level 1750,Reach a Total Level of 1750.,Global,,,3,Hard,,,,
181007,391,Reach Combat Level 100,Reach Combat Level 100.,Global,,,3,Hard,,,,
181040,392,Reach Combat Level 110,Reach Combat Level 110.,Global,,,3,Hard,,,,
269927,393,Reach Base Level 40,Reach level 40 in every skill.,Global,,,3,Hard,,,,
269960,394,Reach Base Level 50,Reach level 50 in every skill.,Global,,,3,Hard,,,,
269993,395,Reach Base Level 60,Reach level 60 in every skill.,Global,,,3,Hard,,,,
581496,396,Achieve Your First Level 70,Reach level 70 in any skill.,Global,,,3,Hard,,,,
270026,397,Reach Base Level 70,Reach level 70 in every skill.,Global,,,3,Hard,,,,
581529,398,Achieve Your First Level 80,Reach level 80 in any skill.,Global,,,3,Hard,,,,
840357,399,Restore 75 Prayer Points at an Altar,Restore 75 or more Prayer Points at any altar.,Global,,,3,Hard,,PRAYER 75,,
473148,400,Smith a Rune Item,Smith a Runite Item.,Global,,,3,Hard,,SMITHING 85,,
186100,401,Steal From a Gem Stall,Steal from a Gem Stall.,Global,,,3,Hard,,THIEVING 75,"Completion of TzHaar Fight Cave or one of Kandarin✓, Kourend✓, Fremennik✓, Tirannwn✓, or Varlamore✓",
169960,402,Beat Jacky Jester,Successfully copy Jacky the Jester to win.,Global,,,3,Hard,,CONSTRUCTION 39,,
172208,403,Ferment 100 Jugs of Wine,Successfully ferment 100 Jugs of Wine.,Global,,,3,Hard,,COOKING 35,,
340113,404,Craft 2500 Essence Into Runes,Use Runecrafting Altars to craft 2500 essence into runes of any type.,Global,,,3,Hard,,,,
921215,405,Smelt a Runite Bar,Use a Furnace to smelt a Runite Bar.,Global,,,3,Hard,,SMITHING 85,,
259653,406,Combat Achievements Easy Tier,,Global,,,3,Hard,,,,
358190,407,Defeat 10 Superior slayer creatures,,Global,,,3,Hard,,SLAYER 5,Unlocked Bigger and Badder for 150 Slayer reward points or at least Tier 3 Relic unlocked,
119727,408,Defeat 20 Superior slayer creatures,,Global,,,3,Hard,,SLAYER 5,Unlocked Bigger and Badder for 150 Slayer reward points or at least Tier 3 Relic unlocked,
144514,409,Complete 200 Slayer Tasks,Complete 200 Slayer Tasks.,Global,,,4,Elite,,,,
113136,410,Complete all tasks for 10 bosses,Complete all of the Combat Achievements available at 10 different bosses within the areas you have unlocked.,Global,,,4,Elite,,,,
560260,411,Complete all tasks for 5 bosses,Complete all of the Combat Achievements available at 5 different bosses within the areas you have unlocked.,Global,,,4,Elite,,,,
606414,412,Mine a size 8+ shooting star,Mine a shooting star which is either size 8 or 9.,Global,,,4,Elite,,MINING 80,,
486296,413,Obtain 100 Million XP in a combat skill,"Obtain 100 million experience in either Attack, Strength, Defence, Magic, Ranged, Hitpoints or Prayer.",Global,,,4,Elite,,,,
238199,414,Obtain 100 Million XP in any non-combat skill,Obtain 100 million experience in any non-combat skill.,Global,,,4,Elite,,,,
780365,415,Obtain 25 Million XP in 5 non-combat skills,"Obtain 25 million experience in 5 different skills excluding Attack, Strength, Defence, Magic, Ranged & Hitpoints.",Global,,,4,Elite,,,,
367886,416,Obtain 25 Million XP in a combat skill,"Obtain 25 million experience in either Attack, Strength, Defence, Magic, Ranged or Hitpoints.",Global,,,4,Elite,,,,
589420,417,Obtain 35 Million XP in 3 non-combat skills,"Obtain 35 million experience in 3 different skills excluding Attack, Strength, Defence, Magic, Ranged and Hitpoints.",Global,,,4,Elite,,,,
518191,418,Obtain 35 Million XP in a combat skill,"Obtain 35 million experience in either Attack, Strength, Defence, Magic, Ranged or Hitpoints.",Global,,,4,Elite,,,,
117662,419,Add a Jar to a Display Case,Add a Jar to a Display Case in your Player Owned House Achievement Gallery.,Global,,,4,Elite,,,Check associated bosses,
879174,420,Catch 500 Chinchompas,Catch 500 Chinchompas.,Global,,,4,Elite,,HUNTER 53,,
791154,421,Complete 10 Speed Tasks,Complete 10 Combat Achievement Speed tasks.,Global,,,4,Elite,,,,
400132,422,100 Combat Achievements,Complete 100 Combat Achievements,Global,,,4,Elite,,,,
167849,423,150 Combat Achievements,Complete 150 Combat Achievements,Global,,,4,Elite,,,,
188659,424,Complete 20 Speed Tasks,Complete 20 Combat Achievement Speed tasks.,Global,,,4,Elite,,,,
390085,425,200 Combat Achievements,Complete 200 Combat Achievements,Global,,,4,Elite,,,,
325098,426,250 Combat Achievements,Complete 250 Combat Achievements,Global,,,4,Elite,,,,
653460,427,Complete 30 Speed Tasks,Complete 30 Combat Achievement Speed tasks.,Global,,,4,Elite,,,,
230712,428,50 Combat Achievements,Complete 50 Combat Achievements,Global,,,4,Elite,,,,
268181,429,Abyssal Sire Combat Achievements,Complete all of the Combat Achievements for Abyssal Sire.,Global,,,4,Elite,,,See Abyssal Sire#Combat AchievementsSee Abyssal Sire#Combat Achievements,
854806,430,Craft an Onyx Amulet,Craft an Onyx Amulet.,Global,,,4,Elite,,CRAFTING 90,,
978303,431,Equip an Eternal Slayer Ring,Craft and equip an Eternal slayer ring.,Global,,,4,Elite,,SLAYER 5; CRAFTING 75,", Unlocked Bigger and Badder for 150 Slayer reward points or at least Tier 3 Relic unlocked, Unlocked Ring Bling for 300 Slayer reward points,",
590446,432,Defeat 150 Echo Bosses,Defeat 150 Echo Bosses.,Global,,,4,Elite,,,,
428419,433,Defeat 4 unique Echo Bosses,Defeat 4 unique Echo Bosses. This task earns one Demonic Pact.,Global,,,4,Elite,,,,
628518,434,Defeat 50 Superior slayer creatures,Defeat 50 Superior Slayer Creatures.,Global,,,4,Elite,,SLAYER 5,Unlocked Bigger and Badder for 150 Slayer reward points or at least Tier 3 Relic unlocked,
653412,435,Defeat 75 Echo Bosses,Defeat 75 Echo Bosses.,Global,,,4,Elite,,,,
463653,436,Defeat the Abyssal Sire 150 Times,Defeat the Abyssal Sire in the Abyssal Nexus 150 times.,Global,,,4,Elite,,SLAYER 85,,
371170,437,Defeat the Abyssal Sire 300 Times,Defeat the Abyssal Sire in the Abyssal Nexus 300 times.,Global,,,4,Elite,,SLAYER 85,,
389748,438,Defeat the Abyssal Sire 50 Times,Defeat the Abyssal Sire in the Abyssal Nexus 50 times.,Global,,,4,Elite,,SLAYER 85,,
378400,439,Equip a Dragonfire Shield,Equip a Dragonfire Shield.,Global,,,4,Elite,,DEFENCE 75,,
142643,440,Equip an Abyssal Bludgeon,Equip an Abyssal Bludgeon.,Global,,,4,Elite,,ATTACK 70; STRENGTH 70; SLAYER 85,", ,",
261069,441,Equip an Abyssal Dagger,Equip an Abyssal Dagger.,Global,,,4,Elite,,ATTACK 70; SLAYER 85,",",
361531,442,Equip an Abyssal Whip,Equip an Abyssal Whip.,Global,,,4,Elite,,ATTACK 70; SLAYER 85,",",
788174,443,Equip a piece of Virtus,"Equip either the Virtus Mask, Robe top, or Robe Bottoms.",Global,,,4,Elite,,MAGIC 78; DEFENCE 75,",",
552217,444,Equip four unique Echo Items,Equip four unique echo items.,Global,,,4,Elite,,,,
271974,445,Equip the Soulreaper Axe,Equip the Soulreaper Axe.,Global,,,4,Elite,,ATTACK 80; STRENGTH 80,",",
946023,446,Fill 25 Master Clue Collection Log Slots,Fill 25 slots in the Master Clue section of the Collection Log.,Global,,,4,Elite,,,,
811999,447,Fletch 100 Dragon Javelins,Fletch 100 Dragon Javelins.,Global,,,4,Elite,,FLETCHING 92,,
439235,448,Gain 25 Unique Items From Elite Clues,Gain 25 unique items from Elite Clue Scroll Reward Caskets.,Global,,,4,Elite,,,,
141436,449,Gain 25 Unique Items From Master Clues,Gain 25 unique items from Master Clue Scroll Reward Caskets.,Global,,,4,Elite,,,,
771979,450,Slay an Abyssal Demon,Slay an Abyssal Demon whilst on an Abyssal Demon Slayer Task.,Global,,,4,Elite,,SLAYER 85,,
680286,451,Make a Super Combat Potion,Make a Super Combat Potion.,Global,,,4,Elite,,HERBLORE 90,,
120916,452,Obtain 25 Million Agility XP,Obtain 25 million experience in your Agility skill.,Global,,,4,Elite,,AGILITY 99,,
653868,453,Obtain 25 Million Construction XP,Obtain 25 million experience in your Construction skill.,Global,,,4,Elite,,CONSTRUCTION 99,,
111115,454,Obtain 25 Million Cooking XP,Obtain 25 million experience in your Cooking skill.,Global,,,4,Elite,,COOKING 99,,
409583,455,Obtain 25 Million Crafting XP,Obtain 25 million experience in your Crafting skill.,Global,,,4,Elite,,CRAFTING 99,,
590725,456,Obtain 25 Million Farming XP,Obtain 25 million experience in your Farming skill.,Global,,,4,Elite,,FARMING 99,,
280446,457,Obtain 25 Million Firemaking XP,Obtain 25 million experience in your Firemaking skill.,Global,,,4,Elite,,FIREMAKING 99,,
985897,458,Obtain 25 Million Fishing XP,Obtain 25 million experience in your Fishing skill.,Global,,,4,Elite,,FISHING 99,,
841397,459,Obtain 25 Million Fletching XP,Obtain 25 million experience in your Fletching skill.,Global,,,4,Elite,,FLETCHING 99,,
152500,460,Obtain 25 Million Herblore XP,Obtain 25 million experience in your Herblore skill.,Global,,,4,Elite,,HERBLORE 99,,
627607,461,Obtain 25 Million Hunter XP,Obtain 25 million experience in your Hunter skill.,Global,,,4,Elite,,HUNTER 99,,
836419,462,Obtain 25 Million Mining XP,Obtain 25 million experience in your Mining skill.,Global,,,4,Elite,,MINING 99,,
310516,463,Obtain 25 Million Prayer XP,Obtain 25 million experience in your Prayer skill.,Global,,,4,Elite,,PRAYER 99,,
716747,464,Obtain 25 Million Runecraft XP,Obtain 25 million experience in your Runecraft skill.,Global,,,4,Elite,,RUNECRAFT 99,,
660465,465,Obtain 25 Million Slayer XP,Obtain 25 million experience in your Slayer skill.,Global,,,4,Elite,,SLAYER 99,,
822884,466,Obtain 25 Million Smithing XP,Obtain 25 million experience in your Smithing skill.,Global,,,4,Elite,,SMITHING 99,,
158975,467,Obtain 25 Million Thieving XP,Obtain 25 million experience in your Thieving skill.,Global,,,4,Elite,,THIEVING 99,,
714904,468,Obtain 25 Million Woodcutting XP,Obtain 25 million experience in your Woodcutting skill.,Global,,,4,Elite,,WOODCUTTING 99,,
925973,469,Obtain 35 Million Agility XP,Obtain 35 million experience in your Agility skill.,Global,,,4,Elite,,AGILITY 99,,
357101,470,Obtain 35 Million Construction XP,Obtain 35 million experience in your Construction skill.,Global,,,4,Elite,,CONSTRUCTION 99,,
916172,471,Obtain 35 Million Cooking XP,Obtain 35 million experience in your Cooking skill.,Global,,,4,Elite,,COOKING 99,,
103504,472,Obtain 35 Million Crafting XP,Obtain 35 million experience in your Crafting skill.,Global,,,4,Elite,,CRAFTING 99,,
495782,473,Obtain 35 Million Farming XP,Obtain 35 million experience in your Farming skill.,Global,,,4,Elite,,FARMING 99,,
219967,474,Obtain 35 Million Firemaking XP,Obtain 35 million experience in your Firemaking skill.,Global,,,4,Elite,,FIREMAKING 99,,
890954,475,Obtain 35 Million Fishing XP,Obtain 35 million experience in your Fishing skill.,Global,,,4,Elite,,FISHING 99,,
998646,476,Obtain 35 Million Fletching XP,Obtain 35 million experience in your Fletching skill.,Global,,,4,Elite,,FLETCHING 99,,
746421,477,Obtain 35 Million Herblore XP,Obtain 35 million experience in your Herblore skill.,Global,,,4,Elite,,HERBLORE 99,,
347448,478,Obtain 35 Million Hunter XP,Obtain 35 million experience in your Hunter skill.,Global,,,4,Elite,,HUNTER 99,,
388964,479,Obtain 35 Million Mining XP,Obtain 35 million experience in your Mining skill.,Global,,,4,Elite,,MINING 99,,
930357,480,Obtain 35 Million Prayer XP,Obtain 35 million experience in your Prayer skill.,Global,,,4,Elite,,PRAYER 99,,
706700,481,Obtain 35 Million Runecraft XP,Obtain 35 million experience in your Runecraft skill.,Global,,,4,Elite,,RUNECRAFT 99,,
213010,482,Obtain 35 Million Slayer XP,Obtain 35 million experience in your Slayer skill.,Global,,,4,Elite,,SLAYER 99,,
516805,483,Obtain 35 Million Smithing XP,Obtain 35 million experience in your Smithing skill.,Global,,,4,Elite,,SMITHING 99,,
752896,484,Obtain 35 Million Thieving XP,Obtain 35 million experience in your Thieving skill.,Global,,,4,Elite,,THIEVING 99,,
622873,485,Obtain 35 Million Woodcutting XP,Obtain 35 million experience in your Woodcutting skill.,Global,,,4,Elite,,WOODCUTTING 99,,
774524,486,350 Collection log slots,Obtain 350 unique Collection Log slots.,Global,,,4,Elite,,,,
838770,487,Obtain 50 Million Agility XP,Obtain 50 million experience in your Agility skill.,Global,,,4,Elite,,AGILITY 99,,
828599,488,Obtain 50 Million Attack XP,Obtain 50 million experience in your Attack skill.,Global,,,4,Elite,,ATTACK 99,,
789130,489,Obtain 50 Million Construction XP,Obtain 50 million experience in your Construction skill.,Global,,,4,Elite,,CONSTRUCTION 99,,
828969,490,Obtain 50 Million Cooking XP,Obtain 50 million experience in your Cooking skill.,Global,,,4,Elite,,COOKING 99,,
133357,491,Obtain 50 Million Crafting XP,Obtain 50 million experience in your Crafting skill.,Global,,,4,Elite,,CRAFTING 99,,
131625,492,Obtain 50 Million Defence XP,Obtain 50 million experience in your Defence skill.,Global,,,4,Elite,,DEFENCE 99,,
408579,493,Obtain 50 Million Farming XP,Obtain 50 million experience in your Farming skill.,Global,,,4,Elite,,FARMING 99,,
881948,494,Obtain 50 Million Firemaking XP,Obtain 50 million experience in your Firemaking skill.,Global,,,4,Elite,,FIREMAKING 99,,
803751,495,Obtain 50 Million Fishing XP,Obtain 50 million experience in your Fishing skill.,Global,,,4,Elite,,FISHING 99,,
143539,496,Obtain 50 Million Fletching XP,Obtain 50 million experience in your Fletching skill.,Global,,,4,Elite,,FLETCHING 99,,
776274,497,Obtain 50 Million Herblore XP,Obtain 50 million experience in your Herblore skill.,Global,,,4,Elite,,HERBLORE 99,,
290209,498,Obtain 50 Million Hitpoints XP,Obtain 50 million experience in your Hitpoints skill.,Global,,,4,Elite,,HITPOINTS 99,,
939221,499,Obtain 50 Million Hunter XP,Obtain 50 million experience in your Hunter skill.,Global,,,4,Elite,,HUNTER 99,,
337088,500,Obtain 50 Million Magic XP,Obtain 50 million experience in your Magic skill.,Global,,,4,Elite,,MAGIC 99,,
248033,501,Obtain 50 Million Mining XP,Obtain 50 million experience in your Mining skill.,Global,,,4,Elite,,MINING 99,,
622130,502,Obtain 50 Million Prayer XP,Obtain 50 million experience in your Prayer skill.,Global,,,4,Elite,,PRAYER 99,,
296368,503,Obtain 50 Million Ranged XP,Obtain 50 million experience in your Ranged skill.,Global,,,4,Elite,,RANGED 99,,
918889,504,Obtain 50 Million Runecraft XP,Obtain 50 million experience in your Runecraft skill.,Global,,,4,Elite,,RUNECRAFT 99,,
972079,505,Obtain 50 Million Slayer XP,Obtain 50 million experience in your Slayer skill.,Global,,,4,Elite,,SLAYER 99,,
379362,506,Obtain 50 Million Smithing XP,Obtain 50 million experience in your Smithing skill.,Global,,,4,Elite,,SMITHING 99,,
768206,507,Obtain 50 Million Strength XP,Obtain 50 million experience in your Strength skill.,Global,,,4,Elite,,STRENGTH 99,,
782749,508,Obtain 50 Million Thieving XP,Obtain 50 million experience in your Thieving skill.,Global,,,4,Elite,,THIEVING 99,,
741206,509,Obtain 50 Million Woodcutting XP,Obtain 50 million experience in your Woodcutting skill.,Global,,,4,Elite,,WOODCUTTING 99,,
703801,510,500 Collection log slots,Obtain 500 unique Collection Log slots.,Global,,,4,Elite,,,,
166667,511,Activate an Imbued Heart,Obtain and activate an Imbued heart.,Global,,,4,Elite,,SLAYER 5,Unlocked Bigger and Badder for 150 Slayer reward points or at least Tier 3 Relic unlocked,
323135,512,Obtain a Boss Pet,Obtain any Boss Pet.,Global,,,4,Elite,,,,
209669,513,Obtain a Skilling Pet,Obtain any Skilling Pet.,Global,,,4,Elite,,,,
337808,514,100 Elite Clue Scrolls,Open 100 Reward caskets for completing Elite clue scrolls.,Global,,,4,Elite,,,,
531113,515,100 Master Clue Scrolls,Open 100 Reward caskets for completing Master clue scrolls.,Global,,,4,Elite,,,,
740228,516,75 Master Clue Scrolls,Open 75 Reward caskets for completing Master clue scrolls.,Global,,,4,Elite,,,,
132898,517,Reach Total Level 2000,Reach a Total Level of 2000.,Global,,,4,Elite,,,,
133987,518,Reach Total Level 2100,Reach a Total Level of 2100.,Global,,,4,Elite,,,,
135076,519,Reach Total Level 2200,Reach a Total Level of 2200.,Global,,,4,Elite,,,,
591013,520,Reach Combat Level 120,Reach Combat Level 120.,Global,,,4,Elite,,,,
591019,521,Reach Combat Level 126,Reach Combat Level 126.,Global,,,4,Elite,,,,
246751,522,Reach Base Level 80,Reach level 80 in every skill.,Global,,,4,Elite,,,,
100270,523,Achieve Your First Level 90,Reach level 90 in any skill.,Global,,,4,Elite,,,,
246784,524,Reach Base Level 90,Reach level 90 in every skill.,Global,,,4,Elite,,,,
100275,525,Achieve Your First Level 95,Reach level 95 in any skill.,Global,,,4,Elite,,,,
678305,526,Reach Level 99 Agility,Reach level 99 in your Agility skill.,Global,,,4,Elite,,AGILITY 99,,
542086,527,Reach Level 99 Attack,Reach level 99 in your Attack skill.,Global,,,4,Elite,,ATTACK 99,,
463961,528,Reach Level 99 Construction,Reach level 99 in your Construction skill.,Global,,,4,Elite,,CONSTRUCTION 99,,
376760,529,Reach Level 99 Cooking,Reach level 99 in your Cooking skill.,Global,,,4,Elite,,COOKING 99,,
583196,530,Reach Level 99 Crafting,Reach level 99 in your Crafting skill.,Global,,,4,Elite,,CRAFTING 99,,
239672,531,Reach Level 99 Defence,Reach level 99 in your Defence skill.,Global,,,4,Elite,,DEFENCE 99,,
347506,532,Reach Level 99 Farming,Reach level 99 in your Farming skill.,Global,,,4,Elite,,FARMING 99,,
750667,533,Reach Level 99 Firemaking,Reach level 99 in your Firemaking skill.,Global,,,4,Elite,,FIREMAKING 99,,
336886,534,Reach Level 99 Fishing,Reach level 99 in your Fishing skill.,Global,,,4,Elite,,FISHING 99,,
320834,535,Reach Level 99 Fletching,Reach level 99 in your Fletching skill.,Global,,,4,Elite,,FLETCHING 99,,
296033,536,Reach Level 99 Herblore,Reach level 99 in your Herblore skill.,Global,,,4,Elite,,HERBLORE 99,,
582512,537,Reach Level 99 Hitpoints,Reach level 99 in your Hitpoints skill.,Global,,,4,Elite,,HITPOINTS 99,,
980900,538,Reach Level 99 Hunter,Reach level 99 in your Hunter skill.,Global,,,4,Elite,,HUNTER 99,,
403343,539,Reach Level 99 Magic,Reach level 99 in your Magic skill.,Global,,,4,Elite,,MAGIC 99,,
615120,540,Reach Level 99 Mining,Reach level 99 in your Mining skill.,Global,,,4,Elite,,MINING 99,,
444545,541,Reach Level 99 Prayer,Reach level 99 in your Prayer skill.,Global,,,4,Elite,,PRAYER 99,,
502239,542,Reach Level 99 Ranged,Reach level 99 in your Ranged skill.,Global,,,4,Elite,,RANGED 99,,
793240,543,Reach Level 99 Runecraft,Reach level 99 in your Runecraft skill.,Global,,,4,Elite,,RUNECRAFT 99,,
935198,544,Reach Level 99 Slayer,Reach level 99 in your Slayer skill.,Global,,,4,Elite,,SLAYER 99,,
620305,545,Reach Level 99 Smithing,Reach level 99 in your Smithing skill.,Global,,,4,Elite,,SMITHING 99,,
804861,546,Reach Level 99 Strength,Reach level 99 in your Strength skill.,Global,,,4,Elite,,STRENGTH 99,,
732076,547,Reach Level 99 Thieving,Reach level 99 in your Thieving skill.,Global,,,4,Elite,,THIEVING 99,,
783589,548,Reach Level 99 Woodcutting,Reach level 99 in your Woodcutting skill.,Global,,,4,Elite,,WOODCUTTING 99,,
277825,549,Smith a Dragonfire Shield,Use an Anvil to smith a Dragonfire Shield.,Global,,,4,Elite,,SMITHING 90,,
183078,550,Combat Achievements Hard Tier,,Global,,,4,Elite,,,,
672840,551,Combat Achievements Medium Tier,,Global,,,4,Elite,,,,
221466,552,Build a Demonic Throne,Build a Demonic Throne in a Throne Room in your Player Owned House.,Global,,,5,Master,,CONSTRUCTION 99,Fremennik✓ or Varlamore✓,
942910,553,Equip a Scythe of Vitur,Equip a Scythe of Vitur.,Global,,,5,Master,,ATTACK 80; STRENGTH 90,",",
646635,554,Equip a Twisted Bow,Equip a Twisted bow.,Global,,,5,Master,,RANGED 85,,
643294,555,Equip full Virtus,"Equip full Virtus outfit, obtained from Desert Treasure II bosses.",Global,,,5,Master,,MAGIC 78; DEFENCE 75,",",
765176,556,Equip the Tumeken's Shadow,Equip the Tumeken's Shadow.,Global,,,5,Master,,MAGIC 85,,
511057,557,Obtain 200 Million XP in any non-combat skill,Obtain 200 million experience in any non-combat skill.,Global,,,5,Master,,,,
451058,558,Obtain 200 Million XP in a combat skill,"Obtain 200 million experience in either Attack, Strength, Defence, Magic, Ranged or Hitpoints.",Global,,,5,Master,,,,
481826,559,Obtain 50 Million XP in 3 non-combat skills,"Obtain 50 million experience in 3 different skills excluding Attack, Strength, Defence, Magic, Ranged & Hitpoints.",Global,,,5,Master,,,,
381273,560,750 Collection log slots,Obtain 750 unique Collection Log slots.,Global,,,5,Master,,,,
987902,561,Reach Base Level 95,Reach level 95 in every skill.,Global,,,5,Master,,,,
482667,562,Reach Total Level 2277,Reach the highest possible Total Level of 2277.,Global,,,5,Master,,,,
372083,563,Combat Achievements Elite Tier,,Global,,,5,Master,,,,
600849,564,Catch a Karambwanji,Catch a Karambwanji on Karamja.,Karamja,,,1,Easy,,FISHING 5,,
824653,565,Fill a Crate With Bananas,Fill a crate with Bananas for Luthas at Musa Point.,Karamja,,,1,Easy,,,,
612656,566,Defeat a Snake in Karamja,Defeat a Snake in Karamja.,Karamja,,,1,Easy,,,,
345184,567,Pick a Pineapple on Karamja,Pick a Pineapple on Karamja.,Karamja,,,1,Easy,,,,
561142,568,Receive an Agility Arena Ticket,Receive an Agility Arena Ticket from the Brimhaven Agility Arena.,Karamja,,,1,Easy,,,,
107550,569,Buy a Snapdragon From Pirate Jackie the Fruit,Buy a Snapdragon From Pirate Jackie the Fruit in Brimhaven.,Karamja,,,2,Medium,,,,
526737,570,Catch 50 Karambwan,Catch 50 Karambwan on Karamja.,Karamja,,,2,Medium,,FISHING 65,Partial completion of Tai Bwo Wannai Trio,
464855,571,Catch a Salmon on Karamja,Catch a Salmon on Karamja.,Karamja,,,2,Medium,,FISHING 30,,
108820,572,Chop a dense jungle,Fully clear a dense jungle in the Tai Bwo Wannai Cleanup.,Karamja,,,2,Medium,,WOODCUTTING 35,,
921905,573,Complete the Easy Karamja Diary,Complete all of the Easy tasks in the Karamja Achievement Diary.,Karamja,,,2,Medium,,,See Karamja Diary#Easy,
677184,574,Complete the Medium Karamja Diary,Complete all of the Medium tasks in the Karamja Achievement Diary.,Karamja,,,2,Medium,,,See Karamja Diary#Medium,
381286,575,Craft 50 Nature Runes,Craft 50 Nature Runes from Essence at the Nature Altar.,Karamja,,,2,Medium,,RUNECRAFT 44,,
813187,576,Defeat a Black Demon on Karamja,Defeat a Black Demon on Karamja.,Karamja,,,2,Medium,,,,
831433,577,Defeat a TzHaar,Defeat any TzHaar in Mor Ul Rek. This task earns one Demonic Pact.,Karamja,,,2,Medium,,,,
508160,578,Enter the Brimhaven Dungeon,Enter the Brimhaven Dungeon.,Karamja,,,2,Medium,,,,
779475,579,Enter the Tai Bwo Wannai Hardwood Grove,Enter the Hardwood Grove in Tai Bwo Wannai.,Karamja,,,2,Medium,,,,
292467,580,Equip a Full Tai Bwo Wannai Villager Set,Equip a full set of Tai Bwo Wannai villager clothing.,Karamja,,,2,Medium,,,,
471201,581,Equip a Toktz-Ket-Xil,Equip a Toktz-Ket-Xil.,Karamja,,,2,Medium,,DEFENCE 60,,
941289,582,Equip a Toktz-Xil-Ak,Equip a Toktz-Xil-Ak.,Karamja,,,2,Medium,,ATTACK 60,,
941421,583,Equip a Toktz-Xil-Ek,Equip a Toktz-Xil-Ek.,Karamja,,,2,Medium,,ATTACK 60,,
528010,584,Equip an Obsidian Cape,Equip an Obsidian cape.,Karamja,,,2,Medium,,,,
817000,585,Equip any spear (kp),Equip any spear poisoned by a karambwan.,Karamja,,,2,Medium,,,,
761238,586,Sleep in Paramaya Inn,"Pay the barkeep to sleep in Paramaya Inn, in Shilo Village.",Karamja,,,2,Medium,,,,
469934,587,Take a Shortcut Across the Shilo Village River,Use the Stepping Stones Agility Shortcut in Shilo Village.,Karamja,,,2,Medium,,AGILITY 32,,
111544,588,Admire some beautiful scenery,Admire some beautiful scenery in Auburnvale or the Auburn Valley.,Varlamore,,,1,Easy,,,,
581293,589,Bow near a quetzal,Bow near a quetzal.,Varlamore,,,1,Easy,,,,
458524,590,Charter a Ship From Sunset Coast to Civitas,Take a Charter Ship from Sunset Coast to Civitas illa Fortis.,Varlamore,,,1,Easy,,,,
149894,591,Chop a tree in the Tlati Rainforest,Chop a tree in the Tlati Rainforest.,Varlamore,,,1,Easy,,,,
839509,592,Complete the Vale totems miniquest,Complete the Vale Totems miniquest.,Varlamore,,,1,Easy,,FLETCHING 20,,
673457,593,Cry near a child,Cry near a child.,Varlamore,,,1,Easy,,,,
855507,594,Dance near a bard,Dance near a bard.,Varlamore,,,1,Easy,,,,
789017,595,Drink a cup of tea in auburn valley,Drink a cup of tea in the Auburn Valley.,Varlamore,,,1,Easy,,,,
990277,596,Drink from a bird bath,Drink from a bird bath.,Varlamore,,,1,Easy,,,,
628088,597,Drink some moon-lite,Drink some moon-lite.,Varlamore,,,1,Easy,,,,
305360,598,Exit civitas via the secret passage,Exit Civitas illa Fortis via the secret passage.,Varlamore,,,1,Easy,,,,
828562,599,Fill a bucket with sand at the Sunset coast,Fill a bucket with sand at the Sunset coast.,Varlamore,,,1,Easy,,,,
489036,600,Fill something up from a water pump,Fill something up from a water pump.,Varlamore,,,1,Easy,,,,
582846,601,Give Oli some Stew,Give Oli some Stew in Civitas illa Fortis.,Varlamore,,,1,Easy,,,,
479653,602,Inspect a green flame,"Inspect a Green flame, near the Salvager Overlook.",Varlamore,,,1,Easy,,,,
576161,603,Defeat a Buffalo,Defeat a Buffalo.,Varlamore,,,1,Easy,,,,
458018,604,Defeat a Guard in Varlamore underground,Defeat a Guard in the Kualti Headquarters.,Varlamore,,,1,Easy,,,,
756975,605,Defeat a Seagull,Defeat a Seagull.,Varlamore,,,1,Easy,,,,
600178,606,Defeat a thief,Defeat a thief.,Varlamore,,,1,Easy,,,,
541383,607,Defeat an Icefiend in Varlamore,Defeat an Icefiend in Varlamore.,Varlamore,,,1,Easy,,,,
903325,608,Defeat an Imp in a basement,Defeat an Imp in the Kastori basement in Varlamore.,Varlamore,,,1,Easy,,,,
967877,609,Milk a Buffalo,Milk a Buffalo.,Varlamore,,,1,Easy,,,,
720966,610,Mine some coal from Stone cutter outpost,Mine some coal from Stonecutter Outpost.,Varlamore,,,1,Easy,,MINING 30,,
564474,611,Pet a Caique,Pet a Caique near the statue of Ates in Kastori or in the north of the Tlati Rainforest.,Varlamore,,,1,Easy,,,,
630107,612,Pet Renu,Pet Renu.,Varlamore,,,1,Easy,,,,
345037,613,Pet Xolo in Civitas,Pet Xolo in Civitas illa Fortis.,Varlamore,,,1,Easy,,,,
629158,614,Pick some Sweetcorn from a Field,Pick some Sweetcorn from a Field.,Varlamore,,,1,Easy,,,,
260556,615,Salute next to a statue of Quoatlos,Salute next to a statue of Quoatlos.,Varlamore,,,1,Easy,,,,
649079,616,Scatter some Ashes in Yama's lair,Scatter some Ashes in Yama's lair.,Varlamore,,,1,Easy,,,,
475068,617,Shear an Alpaca,Shear an Alpaca.,Varlamore,,,1,Easy,,,,
650809,618,Sit near a stolen cabbage,Sit near a stolen cabbage.,Varlamore,,,1,Easy,,,,
261062,619,Step onto an Ent trail,Step onto an Ent trail.,Varlamore,,,1,Easy,,,,
369759,620,Talk to a Gladiator,Talk to a Gladiator.,Varlamore,,,1,Easy,,,,
852138,621,Travel in Achilka's boat,Travel in Achilka's boat at one of her destinations along the River Varla.,Varlamore,,,1,Easy,,,,
691535,622,Travel to Aldarin via Fairy ring,Travel to Aldarin via Fairy ring.,Varlamore,,,1,Easy,,,,
253541,623,Travel using the Quetzal Transport System,Travel using the Quetzal Transport System.,Varlamore,,,1,Easy,,,,
924064,624,Trim your beard in Cam torum,Trim your beard in Cam Torum.,Varlamore,,,1,Easy,,,,
998227,625,Witness the gemstone Crab burrow away,Witness the gemstone crab burrow away.,Varlamore,,,1,Easy,,,,
997435,626,Defeat Amoxliatl 1 Time,Defeat the Amoxliatl in Varlamore.,Varlamore,,,2,Medium,,MINING 55; THIEVING 48; SLAYER 48; AGILITY 46,"The Heart of Darkness, , , ,",
221086,627,Defeat Hueycoatl 1 Time,Defeat the Hueycoatl in Varlamore. This task earns one Demonic Pact.,Varlamore,,,2,Medium,,,,
167420,628,Activate all Statues of Ates,Activate all statues of ates.,Varlamore,,,2,Medium,,,Death on the Isle,
286161,629,Activate the Statue of Ates,Activate the Statue of Ates in Aldarin.,Varlamore,,,2,Medium,,,Death on the Isle,
888260,630,Break down 10 calcified deposits,Break down 10 Calcified deposits.,Varlamore,,,2,Medium,,MINING 41,Hammer and any Pickaxe,
799280,631,Build a Quetzal Landing Site,Build a Quetzal Landing Site.,Varlamore,,,2,Medium,,HUNTER 46,,
962462,632,Bury some wyrm bones near a Wyrm skeleton,Bury some wyrm bones or wyrmling bones near the Colossal Wyrm Remains.,Varlamore,,,2,Medium,,,Wyrm bones or wyrmling bones,
778270,633,Catch a Jerboa,Catch an Embertailed jerboa.,Varlamore,,,2,Medium,,HUNTER 39,Box trap,
159608,634,Catch a Pyre fox,Catch a Pyre fox.,Varlamore,,,2,Medium,,HUNTER 57,Knife and Logs,
483732,635,Complete 10 Hunter Rumours,Complete 10 Hunter Rumours.,Varlamore,,,2,Medium,,HUNTER 46,,
610932,636,Complete 10 laps of the Varlamore Agility Course,Complete 10 laps of the Colossal Wyrm Agility Course,Varlamore,,,2,Medium,,AGILITY 50,,
617626,637,Complete 25 Hunter Rumours,Complete 25 Hunter Rumours.,Varlamore,,,2,Medium,,HUNTER 46,,
453889,638,Complete a Hunter Rumour,Complete a Hunter Rumour.,Varlamore,,,2,Medium,,HUNTER 46,,
267489,639,Complete a Ribbiting Tale,Complete a Ribbiting Tale of a Lily Pad Labour Dispute.,Varlamore,,,2,Medium,,WOODCUTTING 15,,
656789,640,Complete At First Light,Complete the At First Light quest.,Varlamore,,,2,Medium,,HUNTER 46; HERBLORE 30; CONSTRUCTION 27,", ,",
448561,641,Complete Death on the Isle,Complete Death on the Isle.,Varlamore,,,2,Medium,,THIEVING 34; AGILITY 32,",",
635889,642,Complete Meat and Greet,Complete Meat and Greet.,Varlamore,,,2,Medium,,,,
176010,643,Complete Shadows of Custodia,Complete the Shadows of Custodia quest.,Varlamore,,,2,Medium,,SLAYER 54; FISHING 45; CONSTRUCTION 41; HUNTER 36,", , ,",
569029,644,Complete the Heart of Darkness,Complete The Heart of Darkness quest.,Varlamore,,,2,Medium,,MINING 55; THIEVING 48; SLAYER 48; AGILITY 46,", , ,",
309930,645,Complete Wave 1 of Fortis Colosseum,Complete Wave 1 of Fortis Colosseum.,Varlamore,,,2,Medium,,,,
721602,646,Create a Quetzal Whistle,Create a Quetzal Whistle.,Varlamore,,,2,Medium,,HUNTER 46,,
461191,647,Enter a dark cave in Varlamore,"Enter a dark cave in Varlamore, near the Hunter Guild.",Varlamore,,,2,Medium,,HUNTER 46,,
262383,648,Equip a piece of Alchemists outfit,Equip a piece of Alchemist's outfit from the Mixology shop.,Varlamore,,,2,Medium,,HERBLORE 60,,
987179,649,Equip a piece of Hueycoatl armour,Equip a piece of Hueycoatl armour.,Varlamore,,,2,Medium,,CRAFTING 76; RANGED 70; DEFENCE 40,", ,",
753805,650,Equip an egg,Hold an egg in your hands.,Varlamore,,,2,Medium,,,Scrambled!,
864982,651,Equip an orange,Equip an orange.,Varlamore,,,2,Medium,,AGILITY 43,,
961430,652,Equip any piece of armour from the moons of peril,"Equip any piece of armour from the Blood, Frost, or Eclipse moon set.",Varlamore,,,2,Medium,,DEFENCE 50; STRENGTH 75; MAGIC 75; RANGED 75,"and one of , , or",
212068,653,Equip Earthbound Tecpatl,Equip the Earthbound tecpatl.,Varlamore,,,2,Medium,,ATTACK 55,The Final Dawn,
340566,654,Equip Glacial Temotli,Equip the Glacial temotli.,Varlamore,,,2,Medium,,SLAYER 48; ATTACK 55,",",
396695,655,Equip Pendant of Ates,Equip the Pendant of ates.,Varlamore,,,2,Medium,,SLAYER 48,,
202953,656,Equip Sulphur Blades,Equip the Sulphur blades.,Varlamore,,,2,Medium,,ATTACK 55,,
655731,657,Exchange an Ent seed with an Ent,Exchange an Ent seed with an Ent.,Varlamore,,,2,Medium,,,,
597062,658,Fill a Grape Barrel for the Foreman,Fill a Grape Barrel for the Foreman in Aldarin.,Varlamore,,,2,Medium,,,,
681951,659,Fish a House Key,Fish a House Key.,Varlamore,,,2,Medium,,,Big fishing net,
977125,660,Fully decorate a Maple totem in the Auburn Valley,Fully decorate an Maple totem in the Auburn Valley.,Varlamore,,,2,Medium,,FLETCHING 50,Knife and 5 Maple logs,
328564,661,Fully decorate a Willow totem in the Auburn Valley,Fully decorate a Willow totem in the Auburn Valley.,Varlamore,,,2,Medium,,FLETCHING 35,Knife and 5 Willow logs,
507167,662,Fully decorate an Oak totem in the Auburn Valley,Fully decorate an Oak totem in the Auburn Valley.,Varlamore,,,2,Medium,,FLETCHING 20,Knife and 5 Oak logs,
658572,663,Jump on Yama's stepping stones 666 times,Jump on Yama's stepping stones in his League domain 666 times.,Varlamore,,,2,Medium,,AGILITY 1,,
429354,664,Defeat 10 Frost Crabs,Defeat 10 Frost Crabs.,Varlamore,,,2,Medium,,MINING 55; THIEVING 48; SLAYER 48; AGILITY 46,"The Heart of Darkness, , , ,",
407949,665,Defeat a Dire Wolf,Defeat a Dire Wolf in Varlamore.,Varlamore,,,2,Medium,,,,
351246,666,Defeat a fully grown jaguar without taking any damage from it,Defeat a fully grown jaguar without taking any damage from it.,Varlamore,,,2,Medium,,PRAYER 43,A weapon to safespot or,
854919,667,Defeat a Oryx with melee,Defeat an Oryx in the Avium Savannah with melee.,Varlamore,,,2,Medium,,,,
749225,668,Make a Greenman statue,Make a Greenman statue.,Varlamore,,,2,Medium,,FLETCHING 53,"5 Ent branches, Greenman mask, Maple logs, and a Knife",
709895,669,Mine 20 Mithril Ore in the Stonecutter Outpost,Mine 20 Mithril Ore in the Stonecutter Outpost.,Varlamore,,,2,Medium,,MINING 55,,
821010,670,Mine 250 Blessed Bone Shards,Mine 250 Blessed Bone Shards.,Varlamore,,,2,Medium,,MINING 41,,
378422,671,Pay an Urchin for Information,Pay an Urchin for Information in the Stealing Valuables minigame.,Varlamore,,,2,Medium,,THIEVING 50,,
558748,672,Pickpocket a knight of varlamore 20 times,Pickpocket a Knight of Varlamore 20 times.,Varlamore,,,2,Medium,,THIEVING 55,,
500048,673,Steal 100 Valuables,Steal 100 Valuables.,Varlamore,,,2,Medium,,THIEVING 50,,
871878,674,Steal 15 House Keys,Steal 15 House Keys.,Varlamore,,,2,Medium,,THIEVING 50,,
940038,675,Steal 25 Valuables,Steal 25 Valuables.,Varlamore,,,2,Medium,,THIEVING 50,,
202766,676,Steal a House Key,Steal a House Key.,Varlamore,,,2,Medium,,THIEVING 50,,
726624,677,Steal from the Fortis Spice Stall,Steal from the Fortis Spice Stall.,Varlamore,,,2,Medium,,THIEVING 65,,
439363,678,Store some bowstrings inside a bowstring spool,Store some bowstrings inside a bowstring spool.,Varlamore,,,2,Medium,,FLETCHING 20,Vale Totems,
639502,679,Defeat the Moons of Peril,Defeat the Moons of Peril.,Varlamore,,,2,Medium,,,,
482097,680,Defeat the Moons of Peril 10 times,Defeat the Moons of Peril 10 times.,Varlamore,,,2,Medium,,,,
124663,681,Defeat the Moons of Peril 25 times,Defeat the Moons of Peril 25 times.,Varlamore,,,2,Medium,,,,
944660,682,Teleport to Cam Torum using a Calcified Moth,Teleport to Cam Torum using a Calcified Moth.,Varlamore,,,2,Medium,,MINING 41,,
876773,683,Teleport to Civitas illa Fortis,Teleport to Civitas illa Fortis using the standard spellbook.,Varlamore,,,2,Medium,,MAGIC 54,,
664430,684,Use the pottery oven in Civitas,Use the pottery oven in Civitas to make something out of clay.,Varlamore,,,2,Medium,,,,
